place_id,name_ar,name_en,city,district,region,primary_type,category,sub_category,cuisine_type,chain,budget,price_range_sar,avg_meal_price_sar,age_group,gender_preference,group_type,indoor_outdoor,duration_hours,rating,popularity,google_rating,physical_level,wheelchair_access,parking,smoking_area,best_time_of_day,best_season,weather_sensitive,opening_hours,reservation_required,family_friendly,kids_area,photography_spot,wifi,food_available,prayer_room,delivery,latitude,longitude,description_ar,description_en,tags,highlights,nearby_places,rating_count,phone_number,google_maps_url,website,instagram,image_url,featured,gallery_urls
P001,بوليفارد رياض سيتي,Boulevard Riyadh City,Riyadh,حي حطين,Riyadh,attraction,entertainment,theme_park,,no,medium,50-150,,all,mixed,any,outdoor,4,4.6,very_high,4.6,easy,yes,yes,outdoor_only,evening,winter,yes,16:00-04:00,no,yes,yes,yes,yes,yes,yes,no,24.769368,46.6045514,وجهة ترفيهية ضخمة تمتد على مساحة 800 ألف متر مربع، تضم مطاعم عالمية ومسارح وألعاب ومناطق مفتوحة وبحيرة صناعية وفعاليات موسمية,"Massive 800,000 sqm entertainment destination with international restaurants, theaters, rides, open areas, artificial lake and seasonal events","ترفيه,عائلات,مطاعم,تسوق,فعاليات,ليلي,بحيرة,مسرح","بحيرة صناعية مضيئة,مطاعم عالمية متنوعة,فعاليات موسمية","P005,P015",69628,,"https://www.google.com/maps/search/Boulevard+Riyadh+City/@24.769368,46.6045514,17z",https://www.riyadhseason.sa,@riyadhseason,,,
P002,حي الطريف التاريخي,At-Turaif Historic District,Diriyah,الدرعية,Riyadh,attraction,heritage,historic_site,,no,low,50,,all,mixed,any,outdoor,2.5,4.7,very_high,4.7,easy,partial,yes,no,morning,winter,yes,16:00-02:00,recommended,yes,no,yes,yes,nearby,nearby,no,24.7336146,46.5746471,موقع تراث عالمي لليونسكو منذ 2010 ومهد الدولة السعودية الأولى، يضم قصور وأسوار ومساجد بعمارة طينية نجدية فريدة تعود للقرن الـ 15,"UNESCO World Heritage Site since 2010, birthplace of the First Saudi State with 15th century Najdi mud-brick palaces, walls and mosques","تاريخ,تراث,يونسكو,ثقافة,عمارة,درعية,نجدي,طين","موقع يونسكو,مهد الدولة السعودية,عمارة طينية نجدية","P012,R001",3465,+966 9200 21727,"https://www.google.com/maps/search/At-Turaif+Historic+District/@24.7336146,46.5746471,17z",https://www.dgda.gov.sa/en/diriyah,@dgikiram,,,
P003,المتحف الوطني السعودي,Saudi National Museum,Riyadh,المربع,Riyadh,attraction,culture,museum,,no,free,0,,all,mixed,any,indoor,3,4.5,high,4.5,easy,yes,yes,no,anytime,all,no,"Mon-Tue 10:00-15:00,21:00-01:00|Wed-Fri Closed|Sat-Sun 14:00-22:00",no,yes,no,yes,yes,nearby,yes,no,24.648098,46.710954,أكبر متحف في المملكة يروي تاريخ الجزيرة العربية عبر 8 قاعات تفاعلية من عصور ما قبل التاريخ حتى التوحيد ورؤية 2030,Largest museum in the Kingdom narrating Arabian Peninsula history through 8 interactive halls from prehistory to unification and Vision 2030,"متحف,تاريخ,ثقافة,تعليم,تفاعلي,مربع","8 قاعات تفاعلية,يغطي كل العصور,ضمن مركز الملك عبدالعزيز","P011,P007",19076,,"https://www.google.com/maps/search/Saudi+National+Museum/@24.648098,46.710954,17z",https://www.saudiatourism.sa/en/see-do/national-museum,@nationalmuseum.sa,,,
P004,حافة العالم,Edge of the World,Riyadh,,Riyadh,attraction,nature,hiking,,no,free,0,,youth,mixed,friends,outdoor,5,4.7,very_high,4.7,challenging,no,limited,no,morning,winter,yes,sunrise-sunset,no,no,no,yes,no,no,no,no,24.948606,45.988412,منحدرات صخرية مذهلة ترتفع 300 متر تطل على سهول لا نهائية، تحتاج سيارة دفع رباعي للوصول، رحلة مشي ساعة من الموقف,"Stunning 300m rock cliffs overlooking endless plains, requires 4WD access, 1-hour hike from parking","طبيعة,مغامرة,هايكنق,تصوير,جبال,منحدرات","إطلالة 300 متر,تحتاج 4WD,أفضل وقت الشروق",P013,1480,,"https://www.google.com/maps/search/Edge+of+the+World/@24.948606,45.988412,17z",,,,,
P005,برج المملكة,Kingdom Centre Tower,Riyadh,العليا,Riyadh,attraction,landmark,observation,,no,medium,138,,all,mixed,any,indoor,2,4.5,very_high,4.5,easy,yes,yes,no,evening,all,no,09:00-23:00 | Fri 12:30-00:00,no,yes,no,yes,yes,yes,yes,no,24.7118668,46.6753758,أيقونة الرياض بارتفاع 302 متر، جسر السماء في الطابق 99 يوفر إطلالة بانورامية 360 درجة على المدينة بأكملها,"Riyadh's 302m icon, Sky Bridge on 99th floor offers 360-degree panoramic view of the entire city","معلم,تسوق,إطلالة,مطاعم,بانوراما,ناطحة","جسر السماء الطابق 99,إطلالة 360 درجة,302 متر ارتفاع","P001,P015",33375,+966 11 211 2222,"https://www.google.com/maps/search/Kingdom+Centre+Tower/@24.7118668,46.6753758,17z",https://www.kingdomcentre.com.sa,@kingdomcentre,,,
P006,وادي نمار,Wadi Namar,Riyadh,نمار,Riyadh,attraction,nature,park,,no,free,0,,family,mixed,family,outdoor,3,4.5,high,4.5,easy,partial,yes,no,afternoon,winter,yes,24h,no,yes,yes,yes,no,nearby,nearby,no,24.5719945,46.6797341,بحيرة طبيعية وشلال صغير وسط الرياض محاط بالصخور، ممشى طويل ومناطق جلوس ومطاعم قريبة,"Natural lake and waterfall in central Riyadh surrounded by rocks, long walkway, seating areas and nearby restaurants","طبيعة,عائلات,بحيرة,نزهة,شلال,ممشى","بحيرة طبيعية,شلال صغير,ممشى طويل",P008,15835,+966 50 131 3924,"https://www.google.com/maps/search/Wadi+Namar/@24.5719945,46.6797341,17z",,,,,
P007,سوق الزل,Al-Zal Souq,Riyadh,الديرة,Riyadh,souq,shopping,traditional_market,,no,low,0-500,,adult,mixed,any,indoor,2,4.3,medium,4.3,easy,no,limited,no,morning,all,no,15:30-22:30,no,no,no,yes,no,nearby,nearby,no,24.6289429,46.7121915,سوق شعبي تراثي عمره أكثر من 100 سنة في قلب الرياض القديمة، متخصص بالسجاد والتحف والبخور والعود والملابس التقليدية,"100+ year old traditional market in old Riyadh specializing in carpets, antiques, incense, oud and traditional clothing","تسوق,تراث,هدايا,شعبي,بخور,عود,سجاد","عمره 100+ سنة,بخور وعود أصلي,أجواء تراثية","P003,P011",7803,,"https://www.google.com/maps/search/Al-Zal+Souq/@24.6289429,46.7121915,17z",https://www.riyadhseason.sa,,,,
P008,منتزه الملك عبدالله,King Abdullah Park,Riyadh,الملز,Riyadh,park,nature,park,,no,free,11.5,,family,mixed,family,outdoor,3,4.3,very_high,4.3,easy,yes,yes,no,evening,winter,yes,13:00-00:00,no,yes,yes,yes,no,yes,yes,no,24.6663657,46.7371594,أكبر حدائق الرياض بمساحة 318 ألف متر مربع، نوافير راقصة ملونة وملاعب أطفال ومسطحات خضراء وبحيرة صناعية,"Riyadh's largest park at 318,000 sqm with colorful dancing fountains, playgrounds, green spaces and artificial lake","حديقة,عائلات,نوافير,أطفال,مجاني,بحيرة","318 ألف متر مربع,نوافير راقصة ملونة,مجاني بالكامل","P006,P003",43209,,"https://www.google.com/maps/search/King+Abdullah+Park/@24.6663657,46.7371594,17z",https://www.riyadhpark.com,@riyadhpark,,,
P009,موسم الرياض,Riyadh Season,Riyadh,متعدد المواقع,Riyadh,attraction,entertainment,festival,,no,medium,50-500,,all,mixed,any,both,5,4.5,very_high,4.5,easy,yes,yes,outdoor_only,evening,winter,no,16:00-00:00,recommended,yes,yes,yes,yes,yes,yes,no,24.768653,46.6046208,أكبر موسم ترفيهي في الشرق الأوسط، يضم 15+ منطقة ترفيهية وحفلات عالمية ومعارض ومطاعم من أكتوبر لمارس,"Middle East's largest entertainment season with 15+ zones, world-class concerts, exhibitions and restaurants from October to March","ترفيه,فعاليات,حفلات,تسوق,موسمي,عالمي","15+ منطقة ترفيهية,حفلات عالمية,أكتوبر - مارس","P001,P010",18223,+966 54 892 9234,"https://www.google.com/maps/search/Riyadh+Season/@24.768653,46.6046208,17z",https://www.riyadhzoo.com,,,,
P010,ونتر وندرلاند,Winter Wonderland,Riyadh,,Riyadh,attraction,entertainment,theme_park,,no,medium,50-200,,family,mixed,family,outdoor,5,4.2,very_high,4.2,easy,yes,yes,no,evening,winter,yes,16:00-01:00,no,yes,yes,yes,yes,yes,yes,no,24.8032776,46.578483,مدينة ملاهي ضخمة ضمن موسم الرياض بألعاب وعروض وأكشاك طعام ومنطقة كريسماس,"Massive theme park within Riyadh Season with rides, shows, food stalls and Christmas zone","ملاهي,عائلات,أطفال,ألعاب,موسم","ألعاب متنوعة,عروض حية,أكشاك طعام عالمية","P009,P001",6990,,"https://www.google.com/maps/search/Winter+Wonderland/@24.8032776,46.578483,17z",https://www.winterwonderlandriyadh.com,@winterwonderlandriyadh,,,
P011,قصر المصمك,Masmak Fortress,Riyadh,الديرة,Riyadh,attraction,heritage,castle,,no,free,0,,all,mixed,any,both,1.5,4.6,high,4.6,easy,partial,limited,no,morning,all,no,08:00-21:00,no,yes,no,yes,no,nearby,nearby,no,24.6312313,46.713417,قلعة طينية تاريخية بنيت 1865 شهدت معركة فتح الرياض 1902 على يد الملك عبدالعزيز، تضم متحف ومعرض صور تاريخية,"Historic 1865 mud fortress where King Abdulaziz recaptured Riyadh in 1902, houses museum and historical photo exhibition","تاريخ,قلعة,عبدالعزيز,تراث,مجاني,متحف","معركة فتح الرياض 1902,بنيت 1865,متحف ومعرض صور","P007,P003",5736,,"https://www.google.com/maps/search/Masmak+Fortress/@24.6312313,46.713417,17z",,,,,
P012,بوليفارد الدرعية,Boulevard Diriyah,Diriyah,الدرعية,Riyadh,attraction,entertainment,commercial,,no,medium,0-300,,all,mixed,any,both,4,4.7,very_high,4.7,easy,yes,yes,outdoor_only,evening,winter,yes,09:00-00:00|Fri-Sat 09:00-01:00,no,yes,yes,yes,yes,yes,yes,no,24.7373233,46.5747979,وجهة ترفيهية وثقافية راقية بجوار حي الطريف التاريخي، تضم مطاعم فاخرة ومعارض فنية وفعاليات ثقافية,"Premium entertainment and cultural destination next to At-Turaif, with fine dining, art galleries and cultural events","ترفيه,مطاعم,فن,ثقافة,درعية,راقي","بجوار يونسكو,مطاعم فاخرة,معارض فنية","P002,R001",14283,+966 9200 21727,"https://www.google.com/maps/search/Boulevard+Diriyah/@24.7373233,46.5747979,17z",https://www.dgda.gov.sa,@dgikiram,,,
P013,منتزه الثمامة الصحراوي,Thumamah Desert Park,Riyadh,,Riyadh,attraction,adventure,desert,,no,low,0-200,,youth,mixed,friends,outdoor,5,4,high,4,moderate,no,yes,no,afternoon,winter,yes,24h,no,no,no,yes,no,no,no,no,25.2429632,46.6332607,منطقة صحراوية شمال الرياض 80 كم مشهورة بالتطعيس والتخييم والطيران الشراعي وركوب الدبابات,"Desert area 80km north of Riyadh famous for dune bashing, camping, paragliding and ATV riding","صحراء,تطعيس,تخييم,مغامرة,ربع,طيران_شراعي","تطعيس على الكثبان,تخييم تحت النجوم,80 كم شمال الرياض",P004,11519,,"https://www.google.com/maps/search/Thumamah+Desert+Park/@25.2429632,46.6332607,17z",,,,,
P014,حديقة الحيوان بالرياض,Riyadh Zoo,Riyadh,الملز,Riyadh,attraction,entertainment,zoo,,no,free,0,,family,mixed,family,outdoor,3,4.2,high,4.2,easy,yes,yes,no,morning,winter,yes,08:30-17:00,no,yes,yes,yes,no,yes,yes,no,24.6752835,46.7375159,حديقة حيوان الرياض تضم أكثر من 1500 حيوان من 190 نوع في بيئات محاكية لموائلها الطبيعية,Riyadh Zoo housing over 1500 animals of 190 species in simulated natural habitats,"حيوانات,عائلات,أطفال,تعليم,طبيعة","1500+ حيوان,190 نوع,بيئات طبيعية محاكية","P008,P003",48018,,"https://www.google.com/maps/search/Riyadh+Zoo/@24.6752835,46.7375159,17z",,,,,
P015,واجهة الرياض,Riyadh Front,Riyadh,,Riyadh,mall,entertainment,commercial,,no,medium,0-300,,all,mixed,any,both,3,4.7,very_high,4.7,easy,yes,yes,outdoor_only,evening,all,no,08:00-00:00 | Fri 13:00-00:00,no,yes,yes,yes,yes,yes,yes,no,24.838532,46.732319,مجمع ترفيهي وتجاري ضخم يضم 200+ مطعم ومقهى وسينما وبولينج وتزلج على الجليد,"Massive entertainment complex with 200+ restaurants, cinema, bowling and ice skating","ترفيه,مطاعم,سينما,تسوق,عائلات,بولينج","200+ مطعم ومقهى,سينما وبولينج,تزلج على الجليد","P001,P005",8666,+966 55 356 6068,"https://www.google.com/maps/search/Riyadh+Front/@24.838532,46.732319,17z",https://www.ithra.com,@itaborwah,,,
P016,عشيقر قرية التراث,Ushaiger Heritage Village,Ushaiger,,Riyadh,attraction,heritage,village,,no,free,0,,all,mixed,any,outdoor,2,4.6,medium,4.6,easy,no,yes,no,morning,winter,yes,24h,no,yes,no,yes,no,no,nearby,no,25.3397513,45.1912354,قرية نجدية تقليدية عمرها 1500 سنة بأزقتها الضيقة وبيوتها الطينية المحفوظة ونخيلها، 200 كم شمال غرب الرياض,"1500-year-old traditional Najdi village with narrow alleys, preserved mud houses and palm trees, 200km NW of Riyadh","تراث,قرية,نجدي,عمارة,تصوير,هادئ,طين","عمرها 1500 سنة,عمارة نجدية أصيلة,200 كم من الرياض",,3966,+966 59 620 4784,"https://www.google.com/maps/search/Ushaiger+Heritage+Village/@25.3397513,45.1912354,17z",,,,,
R001,مطعم نجد فيلج,Najd Village Restaurant,Riyadh,العليا,Riyadh,restaurant,food,traditional,saudi,local_chain,medium,80-200,120,all,mixed,family,indoor,1.5,3.9,very_high,3.9,easy,yes,yes,no,evening,all,no,"Mon-Wed,Sun 11:00-00:00|Thu 16:00-23:00|Fri Closed|Sat 16:00-00:00",recommended,yes,no,yes,yes,yes,yes,yes,24.6977481,46.6692268,مطعم سعودي تقليدي فاخر بديكور نجدي أصيل، متخصص بالكبسة والجريش والمطازيز والقرصان بجودة عالية,"Premium traditional Saudi restaurant with authentic Najdi decor, specializing in kabsa, jareesh, mutaziz and gursan","مطعم,سعودي,كبسة,تقليدي,نجدي,جريش,عائلات","ديكور نجدي أصيل,كبسة مميزة,أجواء تراثية","P003,P005",10390,+966 9200 33511,"https://www.google.com/maps/search/Najd+Village+Restaurant/@24.6977481,46.6692268,17z",https://www.najdvillage.com,@najdvillage,,,
R002,مطعم الرومانسية,Al Romansiah Restaurant,Riyadh,فروع متعددة,Riyadh,restaurant,food,traditional,saudi,local_chain,low,30-80,50,all,mixed,family,indoor,1,4.2,very_high,4.2,easy,yes,yes,no,anytime,all,no,10:30-01:00 | Thu 10:30-02:00 | Fri 12:00-02:00,no,yes,no,no,yes,yes,yes,yes,24.7836905,46.6353002,سلسلة مطاعم سعودية شعبية مشهورة بالكبسة والمندي والمضبي بأسعار معقولة وفروع في كل مكان,"Popular Saudi restaurant chain famous for kabsa, mandi and madbi at reasonable prices with branches everywhere","مطعم,سعودي,كبسة,مندي,شعبي,توصيل,رخيص","فروع في كل مكان,أسعار معقولة,كبسة ومندي مشهورة",,13861,+966 9200 00144,"https://www.google.com/maps/search/Al+Romansiah+Restaurant/@24.7836905,46.6353002,17z",https://www.alromansiah.com,@alromansiah,,,
R003,مطعم لبسة,Lebs Restaurant,Riyadh,حي الورود,Riyadh,restaurant,food,fine_dining,saudi,no,high,150-400,250,adult,mixed,couple,indoor,2,4.6,high,4.6,easy,yes,valet,no,evening,all,no,13:00-02:00|Thu-Sat 13:00-03:00,yes,no,no,yes,yes,yes,yes,no,24.700839,46.676083,مطعم سعودي فاخر يقدم الأكل السعودي بتقديم عصري وأجواء راقية، من أفضل مطاعم الرياض,Upscale Saudi restaurant serving traditional cuisine with modern presentation in elegant atmosphere,"مطعم,سعودي,فاخر,راقي,عشاء,رومانسي","تقديم عصري للأكل السعودي,أجواء راقية,حجز مطلوب",P005,8124,+966 54 176 7601,"https://www.google.com/maps/search/Lebs+Restaurant/@24.700839,46.676083,17z",,@labash_restaurant,,,
R004,مطعم البيك,Al Baik Restaurant,Riyadh,فروع متعددة,Riyadh,restaurant,food,fast_food,american,local_chain,low,15-40,25,all,mixed,any,indoor,0.5,3.5,very_high,3.5,easy,yes,yes,no,anytime,all,no,09:00-03:00 | Fri-Sat 12:00-04:00,no,yes,no,no,yes,yes,yes,yes,24.689644,46.673677,أشهر سلسلة مطاعم سعودية للدجاج المقلي والبروستد، طعم أسطوري وأسعار رخيصة جدا,Most famous Saudi fried chicken chain with legendary taste and very affordable prices,"مطعم,دجاج,بروستد,سريع,رخيص,شعبي,توصيل","أشهر مطعم سعودي,بروستد أسطوري,أرخص الأسعار",,2488,+966 800 244 2245,"https://www.google.com/maps/search/Al+Baik+Restaurant/@24.689644,46.673677,17z",https://www.shawarmer.com,@shawarmer,,,
R005,كافيه كب,Cup Cafe,Riyadh,التحلية,Riyadh,cafe,food,coffee_shop,cafe,no,medium,25-60,40,youth,mixed,friends,both,1.5,4.4,high,4.5,easy,yes,limited,outdoor_only,morning,all,no,09:00-01:00,no,yes,no,yes,yes,yes,nearby,yes,24.737314,46.77419,كافيه سعودي مميز بتصميم عصري وقهوة مختصة وحلويات يدوية وأجواء مريحة للعمل,"Premium Saudi cafe with modern design, specialty coffee, handmade desserts and work-friendly atmosphere","كافيه,قهوة,مختصة,حلويات,عمل,هادئ","قهوة مختصة,حلويات يدوية,أجواء عمل مريحة",P005,258,+966 55 956 6507,"https://www.google.com/maps/search/Cup+Cafe/@24.737314,46.77419,17z",,@specialitycups,,,
R006,مطعم ذا غلوب,The Globe Restaurant,Riyadh,الفيصلية,Riyadh,restaurant,food,fine_dining,mixed,no,luxury,300-800,500,adult,mixed,couple,indoor,2,4.2,high,4,easy,yes,valet,no,evening,all,no,"Mon-Thu,Sun 19:00-23:30|Fri-Sat 15:00-18:00,20:00-23:30",yes,no,no,yes,yes,yes,yes,no,24.6898068,46.6851121,مطعم فاخر في الطابق 27 من برج الفيصلية بإطلالة بانورامية على الرياض وقائمة أكل عالمية,Luxury restaurant on the 27th floor of Al Faisaliah Tower with panoramic Riyadh view and international menu,"مطعم,فاخر,إطلالة,رومانسي,عالمي,برج","الطابق 27 من الفيصلية,إطلالة بانورامية,أجواء فاخرة",P005,1287,+966 11 273 2005,"https://www.google.com/maps/search/The+Globe+Restaurant/@24.6898068,46.6851121,17z",https://www.mamanourah.com,@mamanourah,,,
R007,مطعم حنيذ المدفون,Haneeth Al Madfoon,Riyadh,النسيم,Riyadh,restaurant,food,traditional,saudi,no,medium,60-150,90,all,mixed,family,indoor,1,4.2,high,3.9,easy,yes,yes,no,evening,all,no,11:00-00:00,no,yes,no,no,yes,yes,yes,yes,24.701198,46.645615,مطعم متخصص بالحنيذ والمدفون والمندي بطريقة تقليدية على الحطب,"Restaurant specializing in haneedh, madfoon and mandi cooked traditionally over firewood","مطعم,حنيذ,مندي,مدفون,حطب,تقليدي","حنيذ على الحطب,طريقة تقليدية,لحم طري",,5209,+966 53 939 9655,"https://www.google.com/maps/search/Haneeth+Al+Madfoon/@24.701198,46.645615,17z",,,,,
P017,جدة التاريخية البلد,Historic Jeddah Al-Balad,Jeddah,البلد,Makkah,attraction,heritage,historic_site,,no,free,0,,all,mixed,any,outdoor,3,4.5,very_high,4.5,easy,partial,limited,no,evening,winter,yes,17:00-00:00,no,yes,no,yes,no,yes,yes,no,21.4879841,39.1855314,حي تاريخي يونسكو بمبانيه الحجازية ذات الرواشين المنحوتة والأزقة العتيقة والمساجد التاريخية والأسواق الشعبية,"UNESCO historic district with traditional Hejazi buildings featuring carved rawasheen, ancient alleys, historic mosques and traditional markets","تاريخ,تراث,يونسكو,حجازي,رواشين,أزقة,بلد","موقع يونسكو,رواشين حجازية فريدة,أسواق شعبية أصيلة","R008,P020",5447,,"https://www.google.com/maps/search/Historic+Jeddah+Al-Balad/@21.4879841,39.1855314,17z",,,,,
P018,كورنيش جدة,Jeddah Corniche,Jeddah,الكورنيش,Makkah,attraction,nature,waterfront,,no,free,0,,all,mixed,any,outdoor,3,4.6,very_high,4.6,easy,yes,yes,no,evening,winter,yes,24h,no,yes,yes,yes,no,yes,nearby,no,21.6158207,39.1062671,واجهة بحرية ممتدة 30 كم على البحر الأحمر مع منحوتات فنية عالمية ومطاعم ومقاهي وملاعب أطفال,"30km waterfront along the Red Sea with world-class sculptures, restaurants, cafes and playgrounds","بحر,مشي,إطلالة,عائلات,غروب,منحوتات","30 كم واجهة بحرية,منحوتات عالمية,غروب رائع","P019,P020",17211,,"https://www.google.com/maps/search/Jeddah+Corniche/@21.6158207,39.1062671,17z",,,,,
P019,نافورة الملك فهد,King Fahd Fountain,Jeddah,الكورنيش,Makkah,attraction,landmark,monument,,no,free,0,,all,mixed,any,outdoor,1,4.5,very_high,4.5,easy,yes,yes,no,night,all,yes,"Wed-Fri,Sun 09:00-20:00|Sat 18:00-20:00|Mon-Tue Closed",no,yes,no,yes,no,nearby,nearby,no,21.5156556,39.1450512,أعلى نافورة في العالم ترتفع 312 متر مضاءة بـ 500 كشاف ضوئي تظهر بوضوح من 30 كم,Worlds tallest fountain at 312m illuminated by 500 spotlights visible from 30km,"معلم,بحر,تصوير,مجاني,ليلي,نافورة,أعلى","أعلى نافورة بالعالم 312 متر,500 كشاف ضوئي,تعمل من الغروب",P018,11896,,"https://www.google.com/maps/search/King+Fahd+Fountain/@21.5156556,39.1450512,17z",,,,,
P020,أكواريوم فقيه,Fakieh Aquarium,Jeddah,أبحر,Makkah,attraction,entertainment,aquarium,,no,medium,80-120,,family,mixed,family,indoor,3,4.2,high,4.2,easy,yes,yes,no,anytime,all,no,10:00-00:30,no,yes,yes,yes,yes,yes,yes,no,21.5722026,39.1096166,أكبر أكواريوم في المملكة يضم 200+ نوع من الكائنات البحرية مع عروض دلافين وفقمات تفاعلية,Largest aquarium in the Kingdom with 200+ marine species and interactive dolphin and seal shows,"ترفيه,عائلات,بحري,أطفال,دلافين,أكواريوم","200+ نوع بحري,عروض دلافين,تفاعلي للأطفال",P021,36416,+966 12 606 6144,"https://www.google.com/maps/search/Fakieh+Aquarium/@21.5722026,39.1096166,17z",,,,,
P021,شاطئ أبحر,Obhur Beach,Jeddah,أبحر,Makkah,attraction,nature,beach,,no,low,0-50,,all,mixed,any,outdoor,5,4.2,very_high,4.2,easy,no,yes,no,morning,all,yes,24h,no,yes,no,yes,no,nearby,nearby,no,21.7441577,39.107529,شاطئ رملي على البحر الأحمر مناسب للسباحة والغوص والجت سكي والشراعية ومشاهدة الغروب,"Sandy Red Sea beach for swimming, diving, jet ski, sailing and sunset watching","شاطئ,بحر,سباحة,رياضة,غوص,غروب","مياه صافية,رياضات مائية متنوعة,غروب البحر الأحمر",P020,292,,"https://www.google.com/maps/search/Obhur+Beach/@21.7441577,39.107529,17z",,,,,
R008,مطعم بيت المأكولات الشعبية,Bait Al Makulat Al Shabiya,Jeddah,البلد,Makkah,restaurant,food,traditional,saudi,no,low,25-70,45,all,mixed,family,indoor,1,4.3,high,4.2,easy,partial,limited,no,evening,all,no,11:00-01:00,no,yes,no,yes,no,yes,nearby,yes,21.486,39.1865,مطعم شعبي حجازي في قلب جدة التاريخية، مشهور بالفول والمطبق والسليق والميفة,"Traditional Hejazi restaurant in Historic Jeddah famous for foul, mutabbaq, saleeg and mifa","مطعم,حجازي,شعبي,فول,مطبق,سليق,بلد","في قلب البلد التاريخي,أكل حجازي أصيل,أسعار شعبية",P017,,,"https://www.google.com/maps/search/Bait+Al+Makulat+Al+Shabiya/@21.486,39.1865,17z",,,,,
R009,مطعم تيرا,TERA Restaurant,Jeddah,الحمراء,Makkah,restaurant,food,fine_dining,mixed,no,high,200-500,350,adult,mixed,couple,indoor,2,4.7,high,4.6,easy,yes,valet,no,evening,all,no,18:00-00:00,yes,no,no,yes,yes,yes,yes,no,21.53,39.17,مطعم فاخر يجمع بين المطبخ الياباني والبيروفي (نيكاي) بتقديم فني وأجواء عالمية,Luxury restaurant combining Japanese-Peruvian cuisine (Nikkei) with artistic presentation and world-class ambiance,"مطعم,فاخر,ياباني,بيروفي,نيكاي,راقي","مطبخ نيكاي فريد,تقديم فني مميز,أجواء عالمية",P018,,,"https://www.google.com/maps/search/TERA+Restaurant/@21.53,39.17,17z",,,,,
P022,المسجد الحرام,Al-Masjid al-Haram,Makkah,الحرم,Makkah,religious,religious,mosque,,no,free,0,,all,mixed,any,both,5,5,very_high,4.9,moderate,yes,yes,no,anytime,all,no,24h,no,yes,no,yes,yes,nearby,yes,no,21.423658,39.8253597,أقدس بقعة في الإسلام يحج إليها ملايين المسلمين سنويا، تضم الكعبة المشرفة ومقام إبراهيم وبئر زمزم,"Holiest place in Islam visited by millions annually, housing the Holy Kaaba, Maqam Ibrahim and Zamzam Well","ديني,روحاني,حج,عمرة,كعبة,زمزم","الكعبة المشرفة,مقام إبراهيم,بئر زمزم",P023,520784,,"https://www.google.com/maps/search/Al-Masjid+al-Haram/@21.423658,39.8253597,17z",https://www.gph.gov.sa,@masjidalharaam,https://upload.wikimedia.org/wikipedia/commons/3/36/1937mecca-makkah.jpg,,https://upload.wikimedia.org/wikipedia/commons/3/36/1937mecca-makkah.jpg|https://upload.wikimedia.org/wikipedia/commons/thumb/3/3f/A_packed_house_-_Flickr_-_Al_Jazeera_English.jpg/960px-A_packed_house_-_Flickr_-_Al_Jazeera_English.jpg|https://upload.wikimedia.org/wikipedia/commons/thumb/d/d0/After_their_time_in_Mina_has_passed%2C_pilgrims_head_back_to_Mecca._-_Flickr_-_Al_Jazeera_English.jpg/960px-After_their_time_in_Mina_has_passed%2C_pilgrims_head_back_to_Mecca._-_Flickr_-_Al_Jazeera_English.jpg
P023,منتزه الشفا,Al Shafa Park,Taif,الشفا,Makkah,attraction,nature,mountain,,no,free,0,,family,mixed,family,outdoor,4,4.4,high,4.3,easy,partial,yes,no,morning,summer,yes,24h,no,yes,no,yes,no,nearby,nearby,no,21.0865191,40.2850655,جبال خضراء ترتفع 2500 متر بأجواء باردة صيفا لا تتجاوز 25 درجة، مزارع فواكه ومناظر بانورامية,"Green mountains at 2500m with cool summer weather below 25C, fruit farms and panoramic views","طبيعة,جبال,هواء,عائلات,صيف,بارد,مزارع","حرارة أقل من 25 صيفا,مزارع فواكه طازجة,2500 متر ارتفاع","P024,P025",1122,,"https://www.google.com/maps/search/Al+Shafa+Park/@21.0865191,40.2850655,17z",,,,,
P024,سوق الورد الطائفي,Taif Rose Market,Taif,الهدا,Makkah,souq,shopping,specialty_market,,no,low,20-300,,all,mixed,any,outdoor,1,4.4,high,4.5,easy,partial,limited,no,morning,spring,yes,06:00-12:00,no,yes,no,yes,no,nearby,nearby,no,21.346971,40.292633,سوق موسمي لبيع الورد الطائفي الشهير وماء الورد والعطور التقليدية، يعمل في موسم قطف الورد أبريل-مايو,"Seasonal market for famous Taifi roses, rose water and traditional perfumes, operates during harvest season April-May","تسوق,ورد,عطور,تقليدي,هدايا,موسمي","ورد طائفي عالمي الشهرة,ماء ورد طبيعي,موسم أبريل-مايو","P023,P025",101,+966 50 650 7506,"https://www.google.com/maps/search/Taif+Rose+Market/@21.346971,40.292633,17z",,,,,
P025,فوهة الوعبة,Al Wahbah Crater,Taif,,Makkah,attraction,nature,geological,,no,free,0,,youth,mixed,friends,outdoor,5,4.5,medium,4.5,extreme,no,limited,no,morning,winter,yes,24h,no,no,no,yes,no,no,no,no,22.9010939,41.1391637,فوهة بركانية ضخمة بقطر 2 كم وعمق 250 متر وبحيرة ملحية بيضاء في قاعها، نزول صعب يحتاج لياقة,"Massive volcanic crater 2km wide, 250m deep with a white salt lake, descent requires high fitness","طبيعة,بركان,هايكنق,مغامرة,جيولوجي,صعب","قطر 2 كم وعمق 250 متر,بحيرة ملحية بيضاء,تحتاج لياقة عالية",,1584,,"https://www.google.com/maps/search/Al+Wahbah+Crater/@22.9010939,41.1391637,17z",,,,,
P026,المسجد النبوي,Al-Masjid an-Nabawi,Madinah,الحرم,Madinah,religious,religious,mosque,,no,free,0,,all,mixed,any,both,4,5,very_high,4.9,easy,yes,yes,no,anytime,all,no,24h,no,yes,no,yes,yes,nearby,yes,no,24.4674061,39.6110589,ثاني أقدس مسجد في الإسلام بناه النبي محمد صلى الله عليه وسلم، يضم الروضة الشريفة والقبة الخضراء,"Second holiest mosque in Islam built by Prophet Muhammad, containing the Noble Rawdah and Green Dome","ديني,روحاني,مسجد,إسلام,روضة,قبة_خضراء","الروضة الشريفة,القبة الخضراء,بناه النبي محمد",P027,410175,+966 14 823 2400,"https://www.google.com/maps/search/Al-Masjid+an-Nabawi/@24.4674061,39.6110589,17z",https://www.wmn.gov.sa,,,,
P027,جبل أحد,Mount Uhud,Madinah,,Madinah,attraction,heritage,historic_site,,no,free,0,,all,mixed,any,outdoor,2,4.8,very_high,4.8,moderate,no,yes,no,morning,winter,yes,sunrise-sunset,no,yes,no,yes,no,nearby,nearby,no,24.52177,39.626006,جبل تاريخي إسلامي شهد غزوة أحد سنة 3 هجري، يضم مقبرة شهداء أحد بما فيهم حمزة بن عبدالمطلب,"Historic Islamic mountain of the Battle of Uhud in 3 AH, with the Uhud martyrs cemetery including Hamza ibn Abdul-Muttalib","تاريخ,إسلامي,جبل,معلم,غزوة,شهداء","غزوة أحد,مقبرة الشهداء,حمزة بن عبدالمطلب",P026,6871,,"https://www.google.com/maps/search/Mount+Uhud/@24.52177,39.626006,17z",https://www.experiencealula.com,@experiencealula,,,
P028,مدائن صالح الحجر,Hegra Madain Saleh,AlUla,,Madinah,attraction,heritage,archaeological,,no,medium,95,,all,mixed,any,outdoor,4,4.8,very_high,4.4,moderate,partial,yes,no,morning,winter,yes,06:30-18:00 | Tue-Sat 06:30-23:00,yes,yes,no,yes,no,nearby,nearby,no,26.7714734,37.9455508,أول موقع سعودي في يونسكو 2008 يضم 131 مقبرة نبطية منحوتة بدقة في الصخر تعود للقرن الأول الميلادي,First Saudi UNESCO site (2008) with 131 precisely carved Nabataean rock tombs from the 1st century AD,"تاريخ,آثار,يونسكو,نبطي,صخور,علا,منحوتات","أول موقع سعودي يونسكو,131 مقبرة نبطية,القرن الأول الميلادي","P029,P030",616,+966 9200 25003,"https://www.google.com/maps/search/Hegra+Madain+Saleh/@26.7714734,37.9455508,17z",https://www.experiencealula.com/en/discover/hegra,@experiencealula,,,
P029,صخرة الفيل,Elephant Rock,AlUla,,Madinah,attraction,nature,geological,,no,free,0-50,,all,mixed,any,outdoor,2,4.7,very_high,4.5,easy,partial,yes,no,evening,winter,yes,09:00-00:00,no,yes,no,yes,yes,yes,nearby,no,26.6891951,37.981603,تكوين صخري طبيعي ضخم على شكل فيل أصبح أيقونة العلا، محاط بمقاهي ومناطق جلوس تحت النجوم,"Massive natural elephant-shaped rock formation, AlUla's icon, surrounded by cafes and stargazing seating","طبيعة,صخور,تصوير,أيقونة,علا,غروب,نجوم","أيقونة العلا,مقاهي تحت النجوم,أجمل وقت الغروب","P028,P030",1949,,"https://www.google.com/maps/search/Elephant+Rock/@26.6891951,37.981603,17z",https://www.theline.com,@neaborom,,,
P030,مرايا,Maraya Concert Hall,AlUla,,Madinah,attraction,culture,venue,,no,high,200-2000,,adult,mixed,couple,indoor,3,4.7,high,4.6,easy,yes,yes,no,evening,winter,no,Sun-Thu 10:00-16:00|Fri-Sat Closed,yes,no,no,yes,yes,yes,yes,no,26.7435422,37.8656652,أكبر مبنى مغطى بالمرايا في العالم 9740 متر مربع، يعكس الصحراء المحيطة ودخل غينيس للأرقام القياسية,"World's largest mirrored building at 9740 sqm reflecting the surrounding desert, Guinness World Record holder","فن,حفلات,معمار,فعاليات,علا,مرايا,غينيس","أكبر مبنى مرايا بالعالم,رقم قياسي غينيس,9740 متر مربع","P028,P029",3354,+966 53 839 1348,"https://www.google.com/maps/search/Maraya+Concert+Hall/@26.7435422,37.8656652,17z",https://www.jeddahseason.sa,@jeddahseason,,,
P031,شاطئ أملج,Umluj Beach,Umluj,,Madinah,attraction,nature,beach,,no,low,0-50,,all,mixed,any,outdoor,6,4.6,high,4.4,easy,no,yes,no,morning,all,yes,24h,no,yes,no,yes,no,nearby,nearby,no,25.0408911,37.2523595,مالديف السعودية - شواطئ فيروزية صافية بمياه شفافة وجزر بكر وشعاب مرجانية ملونة ورمال بيضاء,"Saudi Maldives - crystal turquoise beaches with transparent water, pristine islands, colorful coral reefs and white sand","شاطئ,بحر,جزر,غوص,فيروزي,مالديف,بكر","مالديف السعودية,مياه فيروزية شفافة,شعاب مرجانية ملونة",,1644,,"https://www.google.com/maps/search/Umluj+Beach/@25.0408911,37.2523595,17z",,,,,
P032,قرية رجال ألمع,Rijal Almaa Village,Abha,رجال ألمع,Asir,attraction,heritage,village,,no,low,20,,all,mixed,any,outdoor,3,4.6,high,4.3,moderate,no,yes,no,morning,summer,yes,09:00-21:00,no,yes,no,yes,no,nearby,nearby,no,18.2124262,42.2736908,قرية تراثية مذهلة عمرها 400 سنة بمبانيها الحجرية المزينة بالقط العسيري الملون، مرشحة لليونسكو,"Stunning 400-year-old heritage village with stone buildings decorated in colorful Asiri Al-Qatt art, UNESCO candidate","تراث,قط_عسيري,معمار,ثقافة,ألوان,يونسكو","فن القط العسيري الملون,400 سنة,مرشحة لليونسكو",P033,13511,,"https://www.google.com/maps/search/Rijal+Almaa+Village/@18.2124262,42.2736908,17z",,,,,
P033,جبل السودة,Jabal Al-Soudah,Abha,السودة,Asir,attraction,nature,mountain,,no,free,0,,all,mixed,any,outdoor,4,4.5,very_high,4.3,moderate,no,yes,no,morning,summer,yes,24h,no,yes,no,yes,no,nearby,nearby,no,18.267778,42.370278,أعلى قمة في المملكة 3015 متر فوق سطح البحر، غيوم تلامس الأرض وغابات عرعر كثيفة ودرجة حرارة لا تتجاوز 20 صيفا,"Kingdom's highest peak at 3015m, clouds touching the ground, dense juniper forests, temperature below 20C in summer","طبيعة,جبال,غيوم,مغامرة,أعلى_قمة,عرعر","3015 متر أعلى قمة,غيوم تلامس الأرض,أقل من 20 درجة صيفا","P032,P034",6139,,"https://www.google.com/maps/search/Jabal+Al-Soudah/@18.267778,42.370278,17z",,,,,
P034,منتزه السحاب,Al-Sahab Park,Abha,,Asir,park,nature,park,,no,free,0,,family,mixed,family,outdoor,3,4.3,high,4.2,easy,partial,yes,no,afternoon,summer,yes,24h,no,yes,yes,yes,no,nearby,nearby,no,18.2184507,42.396592,حديقة فوق السحاب حرفيا بأجواء ضبابية ساحرة ومناظر جبلية خلابة وألعاب أطفال ومطاعم,"Park literally above the clouds with enchanting foggy atmosphere, mountain views, playgrounds and restaurants","حديقة,سحاب,إطلالة,عائلات,ضباب,جبال","فوق السحاب حرفيا,أجواء ضبابية ساحرة,مناسب للعائلات",P033,11968,,"https://www.google.com/maps/search/Al-Sahab+Park/@18.2184507,42.396592,17z",https://www.soudahpeaks.sa,@soudahpeaks,,,
P035,كورنيش الدمام,Dammam Corniche,Dammam,الكورنيش,Eastern,attraction,nature,waterfront,,no,free,0,,all,mixed,family,outdoor,3,4.4,very_high,4.4,easy,yes,yes,no,evening,winter,yes,24h,no,yes,yes,yes,no,yes,nearby,no,26.457589,50.101763,واجهة بحرية ممتدة 8 كم على الخليج العربي مع حدائق ومطاعم ومقاهي ومسارات مشي وركض وألعاب أطفال,"8km waterfront on the Arabian Gulf with gardens, restaurants, cafes, walking/jogging paths and playgrounds","بحر,مشي,عائلات,مطاعم,خليج,كورنيش","8 كم واجهة بحرية,مسارات مشي وركض,مطاعم على البحر",P036,22781,,"https://www.google.com/maps/search/Dammam+Corniche/@26.457589,50.101763,17z",,,,,
P036,جبل القارة,Al-Qarah Mountain,Al-Ahsa,,Eastern,attraction,nature,geological,,no,low,57,,all,mixed,any,outdoor,2,4.3,high,4.2,moderate,partial,yes,no,morning,all,no,08:00-22:00,no,yes,no,yes,no,nearby,nearby,no,25.411483,49.692814,جبل فريد في قلب واحة الأحساء بكهوف باردة طبيعيا 20 درجة صيفا ودافئة شتاء وتشكيلات صخرية عجيبة,"Unique mountain in Al-Ahsa Oasis with naturally cool caves at 20C in summer and warm in winter, amazing rock formations","طبيعة,كهوف,صخور,تصوير,أحساء,بارد","كهوف باردة 20 درجة صيفا,تشكيلات صخرية عجيبة,قلب واحة الأحساء",P037,3816,,"https://www.google.com/maps/search/Al-Qarah+Mountain/@25.411483,49.692814,17z",,,,,
P037,واحة الأحساء,Al-Ahsa Oasis,Al-Ahsa,,Eastern,attraction,nature,oasis,,no,free,0,,all,mixed,any,outdoor,3,4.3,high,4,easy,partial,yes,no,morning,winter,yes,06:00-18:00,no,yes,no,yes,no,nearby,nearby,no,25.444967,49.727603,أكبر واحة نخيل في العالم بـ 3 ملايين نخلة يونسكو 2018، تضم عيون ماء طبيعية وبحيرات ومزارع,"World's largest palm oasis with 3 million trees, UNESCO 2018, featuring natural springs, lakes and farms","طبيعة,واحة,يونسكو,نخيل,تمور,عيون","أكبر واحة بالعالم,3 ملايين نخلة,يونسكو 2018",P036,6921,,"https://www.google.com/maps/search/Al-Ahsa+Oasis/@25.444967,49.727603,17z",,,,,
P038,وادي الديسة,Wadi Al-Disah,Tabuk,,Tabuk,attraction,nature,valley,,no,free,0,,youth,mixed,friends,outdoor,6,4.9,high,4.7,challenging,no,limited,no,morning,winter,yes,24h,no,no,no,yes,no,no,no,no,27.6318679,36.5506343,وادي ساحر بأعمدة صخرية ترتفع 300 متر ونخيل وعيون مياه جارية بين جبال حسمى الحمراء,"Magical valley with 300m rock pillars, palm trees and running springs between red Hesma mountains","طبيعة,وادي,مغامرة,تخييم,صخور,نخيل,مياه","أعمدة صخرية 300 متر,مياه جارية بين الجبال,أجمل وادي بالمملكة",P039,350,,"https://www.google.com/maps/search/Wadi+Al-Disah/@27.6318679,36.5506343,17z",,,,,
P039,شاطئ حقل,Haql Beach,Tabuk,حقل,Tabuk,attraction,nature,beach,,no,free,0,,all,mixed,any,outdoor,4,4.5,high,4.4,easy,no,yes,no,morning,all,yes,24h,no,yes,no,yes,no,nearby,nearby,no,29.3085157,34.9504176,شاطئ كريستالي على خليج العقبة مع حطام سفينة قديمة ظاهرة ومنظر على سواحل مصر والأردن وإسرائيل,"Crystal beach on Gulf of Aqaba with visible old shipwreck and views of Egypt, Jordan and Israel coasts","شاطئ,بحر,غوص,سفينة,صافي,عقبة","حطام سفينة ظاهرة,مياه كريستالية,منظر 3 دول",,81,,"https://www.google.com/maps/search/Haql+Beach/@29.3085157,34.9504176,17z",,,,,
P040,جزر فرسان,Farasan Islands,Jazan,فرسان,Jazan,attraction,nature,island,,no,low,0-100,,youth,mixed,friends,outdoor,8,4.6,high,4.4,moderate,no,yes,no,morning,winter,yes,ferry-schedule,yes,no,no,yes,no,nearby,nearby,no,16.762853,41.942337,أرخبيل 84 جزيرة بكر أكبر محمية بحرية بالسعودية، شعاب مرجانية ودلافين وسلاحف بحرية ومانغروف,"Archipelago of 84 pristine islands, Saudi's largest marine reserve, coral reefs, dolphins, sea turtles and mangroves","جزيرة,بحر,غوص,طبيعة,دلافين,مانغروف,محمية","84 جزيرة بكر,أكبر محمية بحرية,دلافين وسلاحف",,58,,"https://www.google.com/maps/search/Farasan+Islands/@16.762853,41.942337,17z",,,,,
P041,الأخدود الأثري,Al-Ukhdud Archaeological Site,Najran,,Najran,attraction,heritage,archaeological,,no,low,10,,all,mixed,any,outdoor,2,4.3,medium,4.3,easy,partial,yes,no,morning,winter,yes,"Mon-Thu,Sat-Sun 10:00-17:00|Fri 13:00-17:00",no,yes,no,yes,no,no,nearby,no,17.4774955,44.1793098,موقع أثري مذكور في سورة البروج بالقرآن، نقوش ورسومات حجرية تعود لـ 2000 سنة وبقايا مدينة قديمة,"Archaeological site mentioned in Surah Al-Burooj in the Quran, 2000-year-old inscriptions and ancient city remains","آثار,تاريخ,قرآن,حضارة,نقوش,نجران","مذكور في القرآن,نقوش 2000 سنة,بقايا مدينة قديمة",,1775,,"https://www.google.com/maps/search/Al-Ukhdud+Archaeological+Site/@17.4774955,44.1793098,17z",,,,,
P042,رمال الربع الخالي,Rub al Khali Empty Quarter,Sharurah,,Najran,attraction,adventure,desert,,no,medium,200-1000,,youth,mixed,friends,outdoor,8,4.5,medium,4.2,extreme,no,no,no,morning,winter,yes,24h,recommended,no,no,yes,no,no,no,no,21.0953306,48.7189938,أكبر صحراء رملية متصلة في العالم 650 ألف كم مربع، كثبان ترتفع 250 متر وتجربة تخييم تحت مليار نجمة,"World's largest contiguous sand desert at 650,000 sqkm, 250m dunes and camping under a billion stars","صحراء,مغامرة,تخييم,رمال,تطعيس,نجوم","أكبر صحراء بالعالم,كثبان 250 متر,تخييم تحت النجوم",,1679,,"https://www.google.com/maps/search/Rub+al+Khali+Empty+Quarter/@21.0953306,48.7189938,17z",,,,,
P043,غابة رغدان,Raghadan Forest,Al Baha,,Al Baha,park,nature,forest,,no,free,0,,family,mixed,family,outdoor,4,4.5,high,4.4,easy,partial,yes,no,morning,summer,yes,08:00-00:00,no,yes,no,yes,no,nearby,nearby,no,20.020606,41.4327877,غابة خضراء كثيفة فوق السحاب بأجواء ضبابية ساحرة ومسارات مشي بين أشجار العرعر والزيتون البري,"Dense green forest above clouds with enchanting fog, walking trails between juniper and wild olive trees","طبيعة,غابة,ضباب,تخييم,مشي,صيف,عرعر","فوق السحاب حرفيا,أشجار عرعر وزيتون,مسارات مشي طبيعية",P044,38173,,"https://www.google.com/maps/search/Raghadan+Forest/@20.020606,41.4327877,17z",,,,,
P044,قرية ذي عين الأثرية,Dhee Ayn Heritage Village,Al Baha,,Al Baha,attraction,heritage,village,,no,low,15,,all,mixed,any,outdoor,2,4.5,high,4.5,moderate,no,yes,no,morning,all,yes,09:00-18:30,no,yes,no,yes,no,no,nearby,no,19.9311047,41.4424626,قرية أثرية عمرها 400 سنة من الرخام الأبيض والملون على قمة جبل أبيض فوق عين ماء جارية,400-year-old village of white and colored marble perched on a white mountain above a running spring,"تراث,قرية,أثري,تصوير,رخام,جبل,عين","رخام ملون على جبل أبيض,عين ماء جارية,400 سنة",P043,6189,+966 55 678 8776,"https://www.google.com/maps/search/Dhee+Ayn+Heritage+Village/@19.9311047,41.4424626,17z",,,,,
P045,جبة رسوم صخرية,Jubbah Rock Art,Hail,جبة,Hail,attraction,heritage,archaeological,,no,low,15,,all,mixed,any,outdoor,3,4.7,medium,4.7,easy,partial,yes,no,morning,winter,yes,08:00-17:00,no,yes,no,yes,no,no,nearby,no,28.032044,40.910271,رسوم صخرية تعود لـ 10000 سنة مسجلة في يونسكو 2015 تصور حيوانات وصيادين وحياة الإنسان القديم,"10,000-year-old UNESCO (2015) rock art depicting animals, hunters and ancient human life","آثار,يونسكو,رسوم,تاريخ,ما_قبل_التاريخ,حائل","10000 سنة,يونسكو 2015,رسوم حيوانات وصيادين",,13,,"https://www.google.com/maps/search/Jubbah+Rock+Art/@28.032044,40.910271,17z",,,,,
P046,مهرجان بريدة للتمور,Buraydah Dates Festival,Buraydah,,Qassim,attraction,culture,festival,,no,free,0,,all,mixed,family,outdoor,3,4.4,very_high,4.4,easy,yes,yes,no,morning,summer,yes,05:30-23:00,no,yes,no,yes,no,yes,yes,no,26.313232,43.981471,أكبر سوق تمور في العالم يستقبل 500 ألف زائر سنويا، أكثر من 500 نوع تمر من كل أنحاء المملكة,World's largest date market welcoming 500K visitors annually with 500+ date varieties from across the Kingdom,"تمور,ثقافة,سوق,تقليدي,مهرجان,قصيم","أكبر سوق تمور بالعالم,500+ نوع تمر,500 ألف زائر",,5776,+966 16 326 5000,"https://www.google.com/maps/search/Buraydah+Dates+Festival/@26.313232,43.981471,17z",https://www.datescity.sa,,,,
R010,مطعم البيك جدة,Al Baik Jeddah,Jeddah,فروع متعددة,Makkah,restaurant,food,fast_food,american,local_chain,low,15-40,25,all,mixed,any,indoor,0.5,4.5,very_high,4.3,easy,yes,yes,no,anytime,all,no,09:00-03:00|Fri 09:00-03:30|Sat-Sun 13:00-03:30,no,yes,no,no,yes,yes,yes,yes,21.613187,39.152997,أصل البيك ومنبعه من جدة، أسطورة البروستد السعودي منذ 1974 بأسعار لا تتجاوز 40 ريال,"The original Al Baik born in Jeddah, Saudi broasted chicken legend since 1974 at prices under 40 SAR","مطعم,دجاج,بروستد,سريع,رخيص,شعبي,أصلي","الفرع الأصلي من 1974,أرخص وجبة في السعودية,طوابير دائمة",P017,8053,+966 800 244 2245,"https://www.google.com/maps/search/Al+Baik+Jeddah/@21.613187,39.152997,17z",https://www.albaik.com,@albaborik,,,
R011,مطعم سمك بحر جدة,Samak Bahr Jeddah,Jeddah,الحمراء,Makkah,restaurant,food,seafood,seafood,no,medium,80-200,130,all,mixed,family,indoor,1.5,4.2,high,4,easy,yes,yes,no,evening,all,no,12:00-00:00,recommended,yes,no,no,yes,yes,yes,yes,21.604184,39.212222,مطعم أسماك طازجة من البحر الأحمر، تختار السمك وطريقة الطبخ مقلي أو مشوي أو صيادية,"Fresh Red Sea fish restaurant where you choose your fish and cooking style: fried, grilled or sayadiya","مطعم,سمك,بحري,طازج,مشوي,صيادية","سمك طازج يومي,تختار طريقة الطبخ,من البحر الأحمر",P018,294,+966 53 550 3179,"https://www.google.com/maps/search/Samak+Bahr+Jeddah/@21.604184,39.212222,17z",,,,,
R012,كافيه ألسن,Elsin Cafe,Jeddah,الروضة,Makkah,cafe,food,coffee_shop,cafe,no,medium,30-70,45,youth,mixed,friends,both,1.5,4.1,high,4.1,easy,yes,limited,outdoor_only,morning,all,no,09:00-00:00|Thu-Fri 09:00-01:00,no,yes,no,yes,yes,yes,nearby,yes,21.614205,39.117723,كافيه جداوي مميز بقهوة مختصة محمصة محليا وأجواء مريحة وتصميم عصري,"Premium Jeddah cafe with locally roasted specialty coffee, cozy atmosphere and modern design","كافيه,قهوة,مختصة,محمصة,جداوي,هادئ","قهوة محمصة محليا,تصميم عصري,أجواء عمل مريحة",,2386,+966 53 673 5330,"https://www.google.com/maps/search/Elsin+Cafe/@21.614205,39.117723,17z",,,,,
R013,مطعم الطازج,Al Tazaj Restaurant,Jeddah,فروع متعددة,Makkah,restaurant,food,grilled,saudi,local_chain,low,20-60,35,all,mixed,any,indoor,0.5,4,very_high,4,easy,yes,yes,no,anytime,all,no,11:00-03:00 | Fri 13:00-03:00,no,yes,no,no,yes,yes,yes,yes,21.5510625,39.1554375,سلسلة سعودية مشهورة بالدجاج المشوي على الفحم والفاهيتا بأسعار شعبية,Popular Saudi chain famous for charcoal grilled chicken and fajitas at affordable prices,"مطعم,مشوي,دجاج,فحم,شعبي,سلسلة","دجاج مشوي على الفحم,أسعار شعبية,فروع كثيرة",,13941,+966 9200 00765,"https://www.google.com/maps/search/Al+Tazaj+Restaurant/@21.5510625,39.1554375,17z",,,,,
R014,مطعم بابا سلامة,Baba Salama Restaurant,Jeddah,البلد,Makkah,restaurant,food,traditional,saudi,no,low,15-50,30,all,mixed,family,indoor,1,4,high,4,easy,no,limited,no,morning,all,no,"06:00-11:00,18:00-00:00",no,yes,no,no,no,yes,nearby,yes,21.480495,39.182707,مطعم فول وتميس حجازي أصيل في قلب البلد، من أقدم مطاعم جدة يقدم فطور حجازي كامل,"Authentic Hejazi foul and tamees restaurant in the heart of Al-Balad, one of Jeddah's oldest serving full Hejazi breakfast","مطعم,فول,تميس,حجازي,فطور,شعبي,قديم","من أقدم مطاعم جدة,فول وتميس حجازي,فطور شعبي أصيل","P017,R008",209,,"https://www.google.com/maps/search/Baba+Salama+Restaurant/@21.480495,39.182707,17z",,,,,
P047,جزيرة المرجان,Coral Island,Dammam,الكورنيش,Eastern,attraction,entertainment,island,,no,free,0,,family,mixed,family,outdoor,4,4.2,high,4.2,easy,partial,yes,no,afternoon,winter,yes,08:00-23:00,no,yes,yes,yes,no,yes,yes,no,26.4838494,50.1050625,جزيرة ترفيهية اصطناعية متصلة بالكورنيش فيها ملاعب وحدائق ودلافيناريوم ومطاعم,"Artificial entertainment island connected to corniche with parks, dolphinarium and restaurants","ترفيه,جزيرة,عائلات,أطفال,دلافين,كورنيش","متصلة بالكورنيش,دلافيناريوم,ملاعب أطفال",P035,823,,"https://www.google.com/maps/search/Coral+Island/@26.4838494,50.1050625,17z",,,,,
P048,شاطئ نصف القمر,Half Moon Beach,Dhahran,,Eastern,attraction,nature,beach,,no,low,0-50,,all,mixed,family,outdoor,5,4.3,very_high,4.3,easy,no,yes,no,morning,winter,yes,24h,no,yes,no,yes,no,nearby,nearby,no,26.183294,50.060733,شاطئ رملي طويل على شكل هلال على الخليج العربي مثالي للسباحة والشواء والكرة الطائرة,"Long crescent-shaped sandy beach on Arabian Gulf perfect for swimming, BBQ and volleyball","شاطئ,بحر,سباحة,رياضة,عائلات,شواء","شكل هلال فريد,مياه هادئة للسباحة,مناسب للشواء",P035,1442,+966 54 071 7553,"https://www.google.com/maps/search/Half+Moon+Beach/@26.183294,50.060733,17z",,,,,
P049,سوق القيصرية,Al-Qaisariya Souq,Al-Ahsa,الهفوف,Eastern,souq,shopping,traditional_market,,no,low,0-300,,all,mixed,any,indoor,2,4.4,high,4.4,easy,partial,limited,no,morning,all,no,"Mon-Thu,Sat-Sun 08:00-11:30,16:00-23:00|Fri 16:00-23:00",no,yes,no,yes,no,yes,nearby,no,25.3755565,49.588922,أقدم سوق في المنطقة الشرقية عمره 200 سنة، متخصص بالبشوت والعبايات والتمور والعسل والبهارات,"Oldest souq in Eastern Province, 200 years old, selling bishts, abayas, dates, honey and spices","تسوق,تراث,بشت,تمور,شعبي,أحساء,عسل","200 سنة,بشوت وعبايات,تمور وعسل أحسائي","P036,P037",21880,,"https://www.google.com/maps/search/Al-Qaisariya+Souq/@25.3755565,49.588922,17z",,,,,
R015,مطعم الحساوي,Al Hasawi Restaurant,Al-Ahsa,الهفوف,Eastern,restaurant,food,traditional,saudi,no,low,30-80,50,all,mixed,family,indoor,1,4.3,high,4.3,easy,yes,yes,no,evening,all,no,11:00-00:00,no,yes,no,no,yes,yes,yes,yes,25.3614233,49.606203,مطعم أحسائي تقليدي مشهور بالمجبوس والمكبوس والهريس والعصيدة بوصفات أحسائية أصيلة,"Traditional Ahsai restaurant famous for majboos, makbous, harees and aseedah with authentic Ahsai recipes","مطعم,أحسائي,مجبوس,هريس,تقليدي,شعبي","أكل أحسائي أصيل,مجبوس مميز,وصفات تقليدية","P036,P049",641,+966 56 851 5536,"https://www.google.com/maps/search/Al+Hasawi+Restaurant/@25.3614233,49.606203,17z",,,,,
R016,مطعم بيت الشواء,Bait Al Shawa,Dammam,الشاطئ,Eastern,restaurant,food,grilled,mixed,no,medium,70-180,120,all,mixed,family,both,1.5,4,high,4,easy,yes,yes,outdoor_only,evening,all,no,10:30-02:00,recommended,yes,no,no,yes,yes,yes,yes,26.42865,50.096409,مطعم مشويات فاخر على كورنيش الدمام بإطلالة بحرية، لحوم ودجاج مشوي على الفحم,"Premium grill restaurant on Dammam Corniche with sea view, charcoal grilled meats and chicken","مطعم,مشويات,لحم,فحم,إطلالة,بحر","إطلالة على البحر,مشويات فحم,كورنيش الدمام",P035,1517,+966 9200 33336,"https://www.google.com/maps/search/Bait+Al+Shawa/@26.42865,50.096409,17z",,,,,
P050,منتزه أبو خيال,Abu Kheyal Park,Abha,,Asir,park,nature,park,,no,free,0,,family,mixed,family,outdoor,3,4.1,high,4.1,easy,partial,yes,no,afternoon,summer,yes,24h,no,yes,yes,yes,no,nearby,nearby,no,18.199879,42.4996863,حديقة معلقة فوق الغيوم بإطلالات ساحرة على وادي أبها ومطاعم ومناطق ألعاب أطفال,"Hanging garden above the clouds with enchanting valley views, restaurants and playgrounds","حديقة,إطلالة,غيوم,عائلات,هواء,معلقة","معلقة فوق الغيوم,إطلالة على الوادي,مناسبة للعائلات","P033,P034",1284,,"https://www.google.com/maps/search/Abu+Kheyal+Park/@18.199879,42.4996863,17z",,,,,
P051,قلعة شمسان,Shamsan Castle,Abha,,Asir,attraction,heritage,castle,,no,low,10,,all,mixed,any,outdoor,1,4.2,medium,4.2,moderate,no,limited,no,morning,all,yes,24h,no,yes,no,yes,no,no,nearby,no,18.2252866,42.503598,قلعة تاريخية عثمانية على تل مرتفع تطل على مدينة أبها بأكملها وجبالها الخضراء,Historic Ottoman castle on an elevated hill overlooking all of Abha and its green mountains,"تاريخ,قلعة,إطلالة,تصوير,عمارة,عثماني","إطلالة على كل أبها,عمارة عثمانية,تل مرتفع",P050,3131,,"https://www.google.com/maps/search/Shamsan+Castle/@18.2252866,42.503598,17z",,,,,
P052,قرية المفتاحة,Al-Muftaha Art Village,Abha,,Asir,attraction,culture,art_gallery,,no,free,0,,adult,mixed,any,both,2,4,medium,4,easy,yes,yes,no,morning,all,no,15:00-00:00,no,yes,no,yes,no,nearby,nearby,no,18.212984,42.4952553,مجمع فني وثقافي يضم معارض تشكيلية ومسرح وقاعة ندوات ومتحف للفن العسيري,"Art and cultural complex with art galleries, theater, seminar hall and Asiri art museum","فن,ثقافة,معارض,مسرح,ورش,عسيري","فن عسيري أصيل,معارض تشكيلية,مسرح وورش فنية",P051,343,,"https://www.google.com/maps/search/Al-Muftaha+Art+Village/@18.212984,42.4952553,17z",,,,,
R017,مطعم السدة العسيري,Al Saddah Al Asiri,Abha,,Asir,restaurant,food,traditional,saudi,no,low,30-90,55,all,mixed,family,indoor,1,4.4,high,4.3,easy,yes,yes,no,evening,all,no,11:00-00:00,no,yes,no,yes,yes,yes,yes,yes,18.216,42.5,مطعم عسيري تقليدي بديكور ملون بالقط العسيري، يقدم العريكة والعصيدة والمعصوب والحنيذ,"Traditional Asiri restaurant with colorful Al-Qatt decor, serving areeka, aseedah, masoob and haneedh","مطعم,عسيري,عريكة,عصيدة,معصوب,حنيذ,قط","ديكور قط عسيري,عريكة وعصيدة أصيلة,أجواء جنوبية","P032,P052",,,"https://www.google.com/maps/search/Al+Saddah+Al+Asiri/@18.216,42.5,17z",,,,,
R018,مطعم طيبة المدينة,Tayba Al Madinah Restaurant,Madinah,قربان,Madinah,restaurant,food,traditional,saudi,no,low,25-70,40,all,mixed,family,indoor,1,4.3,high,4.2,easy,yes,limited,no,evening,all,no,11:00-01:00,no,yes,no,no,yes,yes,yes,yes,24.468,39.61,مطعم مدني تقليدي قريب من الحرم النبوي، مشهور بالكبسة والمطبق واللحم البخاري,"Traditional Madani restaurant near the Prophet's Mosque, famous for kabsa, mutabbaq and Bukhari meat","مطعم,مدني,كبسة,بخاري,حلال,قريب_الحرم","قريب من الحرم النبوي,أكل مدني أصيل,أسعار معقولة",P026,,,"https://www.google.com/maps/search/Tayba+Al+Madinah+Restaurant/@24.468,39.61,17z",,,,,
R019,مطعم العلا فيو,AlUla View Restaurant,AlUla,,Madinah,restaurant,food,fine_dining,mixed,no,high,150-400,250,adult,mixed,couple,outdoor,2,4.4,high,4.3,easy,yes,yes,outdoor_only,evening,winter,yes,13:00-00:15|Sat-Sun 09:00-00:30,yes,no,no,yes,yes,yes,nearby,no,26.629495,37.913853,مطعم فاخر بإطلالة على صخور العلا، يقدم أطباق عربية وعالمية بتقديم فني تحت النجوم,"Luxury restaurant overlooking AlUla rocks, serving Arabic and international dishes artfully under the stars","مطعم,فاخر,علا,إطلالة,نجوم,رومانسي","عشاء تحت النجوم,إطلالة صخور العلا,تقديم فني","P028,P029",2170,+966 9200 24788,"https://www.google.com/maps/search/AlUla+View+Restaurant/@26.629495,37.913853,17z",,,,,
P053,مسجد قباء,Quba Mosque,Madinah,قباء,Madinah,religious,religious,mosque,,no,free,0,,all,mixed,any,both,1,4.9,very_high,4.9,easy,yes,yes,no,morning,all,no,24h,no,yes,no,yes,yes,nearby,yes,no,24.439391,39.6173007,أول مسجد بني في الإسلام، صلاة ركعتين فيه تعادل أجر عمرة كاملة,"First mosque built in Islam, praying two rakahs equals the full reward of Umrah","ديني,إسلامي,مسجد,أول,عمرة,تاريخ","أول مسجد بالإسلام,أجر عمرة كاملة,عمارة حديثة رائعة",P026,195660,,"https://www.google.com/maps/search/Quba+Mosque/@24.439391,39.6173007,17z",,,,,
P054,واحة دادان,Dadan Oasis,AlUla,,Madinah,attraction,heritage,archaeological,,no,low,25,,all,mixed,any,outdoor,2,4.4,medium,4.4,easy,partial,yes,no,morning,winter,yes,08:00-18:00,no,yes,no,yes,no,nearby,nearby,no,26.6470754,37.9160781,موقع أثري لمملكة دادان ولحيان 2500 سنة، مقابر الأسود المنحوتة في واجهة الجبل,2500-year-old archaeological site of Dadan and Lihyan kingdoms with lion tombs carved in the cliff face,"آثار,تاريخ,علا,حضارة,منحوتات,أسود","مملكة دادان 2500 سنة,مقابر الأسود,منحوتات في الجبل","P028,P029",517,+966 9200 25003,"https://www.google.com/maps/search/Dadan+Oasis/@26.6470754,37.9160781,17z",https://www.experiencealula.com/en/discover/dadan,@experiencealula,,,
P055,قلعة تبوك,Tabuk Castle,Tabuk,,Tabuk,attraction,heritage,castle,,no,free,0,,all,mixed,any,outdoor,1,4.4,medium,4.4,easy,partial,yes,no,morning,winter,yes,"Mon-Thu,Sat-Sun 08:00-18:00|Fri 16:00-18:00",no,yes,no,yes,no,nearby,nearby,no,28.383104,36.556655,قلعة أثرية تعود للعصر العثماني مرتبطة بغزوة تبوك النبوية سنة 9 هجري,Ottoman archaeological castle linked to Prophet Muhammad's Tabuk campaign in 9 AH,"تاريخ,قلعة,إسلامي,أثري,عثماني,غزوة","غزوة تبوك النبوية,العصر العثماني,متحف داخلي",,1274,+966 14 423 9696,"https://www.google.com/maps/search/Tabuk+Castle/@28.383104,36.556655,17z",,,,,
P056,جبال حسمى,Hesma Mountains,Tabuk,,Tabuk,attraction,nature,geological,,no,free,0,,youth,mixed,friends,outdoor,6,4.6,medium,4.5,challenging,no,limited,no,morning,winter,yes,24h,no,no,no,yes,no,no,no,no,28.2,36.3,تشكيلات صخرية رملية ضخمة بألوان حمراء وبرتقالية تشبه سطح المريخ، تجربة تخييم فريدة,"Massive red and orange sandstone formations resembling Mars surface, unique camping experience","طبيعة,صخور,مغامرة,تصوير,مريخي,تخييم","مناظر شبيهة بالمريخ,تشكيلات صخرية ضخمة,تخييم تحت النجوم",P038,,,"https://www.google.com/maps/search/Hesma+Mountains/@28.2,36.3,17z",,,,,
P057,جبال فيفاء,Fifa Mountains,Jazan,فيفا,Jazan,attraction,nature,mountain,,no,free,0,,youth,mixed,friends,outdoor,5,4.5,medium,4.5,challenging,no,limited,no,morning,winter,yes,24h,no,no,no,yes,no,no,nearby,no,17.2472916,43.1068632,جبال مدرجة زراعية خضراء ترتفع 1800 متر بمناظر ضبابية خلابة وطرق متعرجة مثيرة,Green terraced agricultural mountains at 1800m with stunning foggy views and thrilling winding roads,"طبيعة,جبال,مدرجات,ضباب,زراعة,طرق","مدرجات زراعية خضراء,1800 متر ارتفاع,طرق متعرجة مثيرة",P040,37,,"https://www.google.com/maps/search/Fifa+Mountains/@17.2472916,43.1068632,17z",,,,,
P058,وادي لجب,Wadi Lajab,Jazan,الريث,Jazan,attraction,nature,valley,,no,free,0,,youth,mixed,friends,outdoor,4,4.7,medium,4.7,challenging,no,limited,no,morning,winter,yes,07:00-19:00,no,no,no,yes,no,no,no,no,17.603462,42.9326405,شق صخري ضيق بجدران ترتفع 300 متر ومياه جارية باردة ونباتات معلقة وضوء خافت ساحر,"Narrow rock gorge with 300m walls, cold running water, hanging plants and enchanting dim light","طبيعة,وادي,مغامرة,صخور,مياه,ضيق","جدران 300 متر,مياه جارية باردة,نباتات معلقة",P057,1113,,"https://www.google.com/maps/search/Wadi+Lajab/@17.603462,42.9326405,17z",,,,,
P059,قلعة أعيرف,Aarif Fort,Hail,,Hail,attraction,heritage,castle,,no,free,0,,all,mixed,any,outdoor,1,4.4,medium,4.4,moderate,no,limited,no,evening,winter,yes,08:00-17:00,no,yes,no,yes,no,nearby,nearby,no,27.517071,41.7034705,قلعة تاريخية عثمانية على أعلى تل في حائل تطل على المدينة بأكملها وجبل سمراء,Historic Ottoman fort on Hail's highest hill overlooking the entire city and Samra mountain,"قلعة,تاريخ,إطلالة,تصوير,عثماني,حائل","أعلى نقطة بحائل,إطلالة 360 درجة,غروب خرافي",P045,1531,,"https://www.google.com/maps/search/Aarif+Fort/@27.517071,41.7034705,17z",,,,,
P060,قصر الإمارة التاريخي,Historic Emirate Palace,Najran,,Najran,attraction,heritage,palace,,no,free,0,,all,mixed,any,both,1,4.5,medium,4.5,easy,partial,yes,no,morning,winter,no,08:00-16:00,no,yes,no,yes,no,no,nearby,no,17.4900177,44.1318264,قصر طيني ضخم من 60 غرفة بناه أمير نجران 1944، يعكس العمارة النجرانية التقليدية بأبراجه المميزة,"Massive 60-room mud palace built by Najran's governor in 1944, reflecting traditional Najrani architecture with distinctive towers","تاريخ,قصر,عمارة,تراث,طيني,نجران","60 غرفة,بناء 1944,أبراج نجرانية مميزة",P041,323,+966 17 542 1060,"https://www.google.com/maps/search/Historic+Emirate+Palace/@17.4900177,44.1318264,17z",,,,,
P061,قلعة مارد,Marid Castle,Dumat Al-Jandal,,Al Jouf,attraction,heritage,castle,,no,free,0,,all,mixed,any,outdoor,1.5,4.6,medium,4.6,moderate,no,yes,no,morning,winter,yes,08:00-19:00,no,yes,no,yes,no,no,nearby,no,29.811383,39.867328,قلعة تاريخية عمرها 2000 سنة بارتفاع 4 طوابق على تل يطل على بحيرة دومة الجندل,2000-year-old 4-story castle on a hill overlooking Dumat Al-Jandal lake,"قلعة,تاريخ,أثري,جوف,بحيرة,قديم","2000 سنة,4 طوابق,إطلالة على بحيرة",P062,1544,+966 54 392 9272,"https://www.google.com/maps/search/Marid+Castle/@29.811383,39.867328,17z",,,,,
P062,مسجد عمر بن الخطاب,Omar ibn Al-Khattab Mosque,Dumat Al-Jandal,,Al Jouf,religious,religious,mosque,,no,free,0,,all,mixed,any,both,0.5,4.8,medium,4.8,easy,partial,yes,no,anytime,all,no,Sun-Thu 07:30-15:30|Fri-Sat Closed,no,yes,no,yes,no,no,yes,no,29.811917,39.867455,من أقدم المساجد في شمال الجزيرة العربية، يقال بني في عهد الخليفة عمر بن الخطاب بمئذنة حجرية فريدة,"One of the oldest mosques in northern Arabia, said to be built during Caliph Omar's era with unique stone minaret","ديني,تاريخ,مسجد,عمر,أقدم,حجري","من أقدم المساجد,مئذنة حجرية فريدة,عهد عمر بن الخطاب",P061,387,+966 50 339 3493,"https://www.google.com/maps/search/Omar+ibn+Al-Khattab+Mosque/@29.811917,39.867455,17z",,,,,
P063,بحيرة دومة الجندل,Dumat Al-Jandal Lake,Dumat Al-Jandal,,Al Jouf,attraction,nature,lake,,no,free,0,,all,mixed,family,outdoor,2,4.2,medium,4.2,easy,partial,yes,no,evening,winter,yes,24h,no,yes,no,yes,no,nearby,nearby,no,29.814566,39.911897,بحيرة طبيعية خلابة محاطة بأشجار النخيل والزيتون مع ممشى وجلسات ومناظر غروب رائعة,"Beautiful natural lake surrounded by palm and olive trees with walkway, seating and stunning sunset views","طبيعة,بحيرة,نخيل,غروب,هادئ,جوف","بحيرة طبيعية,نخيل وزيتون,غروب خلاب","P061,P062",983,,"https://www.google.com/maps/search/Dumat+Al-Jandal+Lake/@29.814566,39.911897,17z",,,,,
P064,زيتون الجوف,Al Jouf Olive Farms,Sakaka,,Al Jouf,attraction,nature,farm,,no,free,0,,all,mixed,family,outdoor,2,4.1,medium,4,easy,partial,yes,no,morning,autumn,yes,sunrise-sunset,no,yes,no,yes,no,nearby,nearby,no,29.97,40.21,أكبر مزارع زيتون في الشرق الأوسط بأكثر من 20 مليون شجرة، زيت زيتون سعودي عالمي الجودة,Largest olive farms in the Middle East with over 20 million trees producing world-class Saudi olive oil,"طبيعة,زيتون,مزارع,زيت,جوف,أكبر","20 مليون شجرة زيتون,أكبر مزارع بالشرق الأوسط,زيت عالمي الجودة",P063,,,"https://www.google.com/maps/search/Al+Jouf+Olive+Farms/@29.97,40.21,17z",,,,,
P065,محمية حرة الحرة,Harrat Al-Harrah Reserve,Turaif,,Northern Borders,attraction,nature,reserve,,no,free,0,,youth,mixed,friends,outdoor,6,4.3,low,4.2,moderate,no,limited,no,morning,winter,yes,guided-tours,yes,no,no,yes,no,no,no,no,31,38.8,أول محمية طبيعية في المملكة 1987، موطن المها العربي والذئب العربي والنسر في حرة بركانية,"First nature reserve in the Kingdom (1987), home to Arabian oryx, Arabian wolf and eagles in volcanic terrain","محمية,طبيعة,حياة_برية,مها,ذئب,بركاني","أول محمية بالمملكة 1987,مها عربي وذئب,حرة بركانية",,,,"https://www.google.com/maps/search/Harrat+Al-Harrah+Reserve/@31.0,38.8,17z",,,,,
R020,مطعم شاورمر,Shawarmer Restaurant,Riyadh,فروع متعددة,Riyadh,restaurant,food,fast_food,lebanese,local_chain,low,15-40,25,all,mixed,any,indoor,0.5,4,very_high,4,easy,yes,yes,no,anytime,all,no,10:00-03:00,no,yes,no,no,yes,yes,yes,yes,24.7500572,46.7719526,سلسلة شاورما سعودية مشهورة بجودة اللحم والصوصات المميزة والخبز الطازج,"Famous Saudi shawarma chain known for quality meat, signature sauces and fresh bread","مطعم,شاورما,سريع,لبناني,شعبي,توصيل","شاورما طازجة,صوصات مميزة,فروع في كل مكان",,3720,+966 9200 08080,"https://www.google.com/maps/search/Shawarmer+Restaurant/@24.7500572,46.7719526,17z",,,,,
R021,مطعم كودو,Kudu Restaurant,Riyadh,فروع متعددة,Riyadh,restaurant,food,fast_food,american,local_chain,low,15-45,30,all,mixed,any,indoor,0.5,4,very_high,4,easy,yes,yes,no,morning,all,no,24h,no,yes,no,no,yes,yes,yes,yes,24.662693,46.70104,سلسلة سعودية مشهورة بالفطور والسندويتشات والقهوة، أكثر من 400 فرع في المملكة,"Saudi chain famous for breakfast, sandwiches and coffee with 400+ branches across the Kingdom","مطعم,فطور,سندويتشات,قهوة,سلسلة,سريع","400+ فرع,فطور مميز,قهوة وسندويتشات",,2363,+966 9200 06999,"https://www.google.com/maps/search/Kudu+Restaurant/@24.662693,46.70104,17z",https://www.kudu.com.sa,@kudu_saudi,,,
R022,مطعم لحوم,Luhoom Restaurant,Riyadh,حي السفارات,Riyadh,restaurant,food,steak,mixed,no,high,200-500,350,adult,mixed,couple,indoor,2,4.7,high,4.6,easy,yes,valet,no,evening,all,no,13:00-00:00,yes,no,no,yes,yes,yes,yes,no,24.68,46.65,مطعم ستيك فاخر يقدم لحوم واغيو يابانية وأنجوس أسترالية بنضج مثالي وأجواء راقية,Premium steakhouse serving Japanese Wagyu and Australian Angus with perfect aging and elegant ambiance,"مطعم,ستيك,لحم,فاخر,واغيو,راقي","واغيو يابانية,نضج مثالي,أجواء فاخرة",,,,"https://www.google.com/maps/search/Luhoom+Restaurant/@24.68,46.65,17z",,@meatmoot,,,
R023,مقهى بارنز,Barnies Coffee,Riyadh,فروع متعددة,Riyadh,cafe,food,coffee_shop,cafe,local_chain,medium,20-50,35,youth,mixed,friends,both,1.5,4.5,very_high,5,easy,yes,yes,outdoor_only,morning,all,no,06:00-01:00,no,yes,no,no,yes,yes,nearby,yes,24.6876307,46.686229,سلسلة مقاهي سعودية مشهورة بالقهوة التركية والفرنسية والحلويات بأجواء مريحة,Popular Saudi coffee chain known for Turkish and French coffee and desserts in cozy atmosphere,"كافيه,قهوة,حلويات,سلسلة,مريح,فروع","قهوة تركية وفرنسية,حلويات مميزة,فروع كثيرة",,3,+966 50 729 3500,"https://www.google.com/maps/search/Barnies+Coffee/@24.6876307,46.686229,17z",,,,,
R024,مطعم ماما نورة,Mama Noura Restaurant,Riyadh,فروع متعددة,Riyadh,restaurant,food,traditional,lebanese,local_chain,low,15-50,30,all,mixed,any,indoor,0.5,4.3,very_high,4.3,easy,yes,yes,no,anytime,all,no,05:30-03:45,no,yes,no,no,no,yes,yes,yes,24.6916263,46.7018848,سلسلة مطاعم سعودية شهيرة تعمل 24 ساعة، مشهورة بالشاورما والفطائر والعصائر الطازجة,"Iconic Saudi 24-hour restaurant chain famous for shawarma, pies and fresh juices","مطعم,شاورما,فطائر,24ساعة,شعبي,رخيص","24 ساعة,شاورما أيقونية,عصائر طازجة",,28430,+966 9200 12026,"https://www.google.com/maps/search/Mama+Noura+Restaurant/@24.6916263,46.7018848,17z",,,,,
R025,مطعم ذا ميت كو,The Meat Co,Riyadh,الرياض بارك,Riyadh,restaurant,food,steak,mixed,yes,high,150-400,280,adult,mixed,couple,indoor,1.5,4.7,high,4.8,easy,yes,yes,no,evening,all,no,11:00-00:00|Sat-Sun 11:00-01:00,recommended,no,no,no,yes,yes,yes,no,24.700303,46.691956,مطعم لحوم جنوب أفريقي فاخر بتشكيلة واسعة من الستيك واللحوم المنضجة والمشويات,Premium South African steakhouse with wide selection of aged steaks and grilled meats,"مطعم,ستيك,لحم,فاخر,جنوب_أفريقي,مشوي","لحوم جنوب أفريقية,ستيك منضج,أجواء فاخرة",P015,10760,+966 11 288 5156,"https://www.google.com/maps/search/The+Meat+Co/@24.700303,46.691956,17z",,,,,
P066,الرياض بارك,Riyadh Park Mall,Riyadh,,Riyadh,mall,shopping,mall,,no,medium,0-500,,all,mixed,family,indoor,3,4.5,very_high,4.5,easy,yes,yes,no,anytime,all,no,09:00-00:00,no,yes,yes,no,yes,yes,yes,no,24.7566256,46.6293917,مول ضخم يضم 300+ محل تجاري ومطاعم وسينما ومنطقة ترفيه للأطفال وسوبر ماركت,"Massive mall with 300+ shops, restaurants, cinema, kids entertainment zone and supermarket","مول,تسوق,مطاعم,سينما,عائلات,أطفال","300+ محل,سينما,منطقة أطفال","R025,P015",41469,+966 9200 09467,"https://www.google.com/maps/search/Riyadh+Park+Mall/@24.7566256,46.6293917,17z",,,,,
P067,رد سي مول,Red Sea Mall,Jeddah,,Makkah,mall,shopping,mall,,no,medium,0-500,,all,mixed,family,indoor,3,4.5,very_high,4.5,easy,yes,yes,no,anytime,all,no,09:00-00:00 | Fri 13:00-03:00 | Sat 09:00-03:00,no,yes,yes,no,yes,yes,yes,no,21.628657,39.1118495,أكبر مول في جدة بمساحة 242 ألف متر مربع، يضم 480+ محل وأكبر فود كورت وملاهي مغلقة,"Largest mall in Jeddah at 242,000 sqm with 480+ shops, largest food court and indoor theme park","مول,تسوق,جدة,مطاعم,ملاهي,أكبر","أكبر مول بجدة,480+ محل,ملاهي مغلقة",P021,72865,+966 12 215 1551,"https://www.google.com/maps/search/Red+Sea+Mall/@21.628657,39.1118495,17z",https://www.redseamall.com,@redseamall,,,
P068,سنو سيتي,Snow City,Riyadh,العثيم مول,Riyadh,attraction,entertainment,indoor_snow,,no,medium,80-150,,family,mixed,family,indoor,3,4,high,4,easy,yes,yes,no,anytime,summer,no,10:00-00:00 | Thu 10:00-01:00 | Fri 13:00-01:00,no,yes,yes,yes,yes,yes,yes,no,24.6856998,46.7751323,مدينة ثلج مغلقة في الرياض بدرجة حرارة -3 تحت الصفر، تزلج وألعاب ثلجية ومنحدرات,"Indoor snow city in Riyadh at -3C with skiing, snow games and slopes","ثلج,ترفيه,عائلات,تزلج,مغلق,صيف","درجة حرارة -3,تزلج على الجليد,مثالي بالصيف",P066,10690,,"https://www.google.com/maps/search/Snow+City/@24.6856998,46.7751323,17z",,,,,
P069,مدينة الملك عبدالله الاقتصادية,King Abdullah Economic City,Rabigh,,Makkah,attraction,entertainment,resort,,no,high,300-1500,,all,mixed,family,both,8,4,high,4.3,easy,yes,yes,outdoor_only,anytime,winter,no,24h,recommended,yes,yes,yes,yes,yes,yes,no,22.49216,39.10519,مدينة اقتصادية على البحر الأحمر بمنتجعات 5 نجوم وملعب غولف ومارينا وشاطئ خاص,"Red Sea economic city with 5-star resorts, golf course, marina and private beach","منتجع,بحر,غولف,فخم,شاطئ,مارينا","منتجعات 5 نجوم,ملعب غولف,مارينا خاصة",,48,,"https://www.google.com/maps/search/King+Abdullah+Economic+City/@22.49216,39.10519,17z",https://www.kaec.net,,,,
P070,متحف الطيبات,Al-Tayebat Museum,Jeddah,الفيصلية,Makkah,attraction,culture,museum,,no,low,30,,all,mixed,any,indoor,2,4.5,medium,4.5,easy,partial,yes,no,morning,all,no,"Mon-Thu,Sat-Sun 09:00-13:00,17:00-21:00|Fri Closed",no,yes,no,yes,no,no,yes,no,21.580993,39.176666,متحف خاص ضخم في مبنى حجازي تقليدي بـ 300 غرفة تعرض آلاف القطع الأثرية والتراثية والإسلامية,Massive private museum in traditional Hejazi building with 300 rooms displaying thousands of artifacts,"متحف,تاريخ,حجازي,ثقافة,آثار,إسلامي","300 غرفة,مبنى حجازي تقليدي,آلاف القطع الأثرية",P017,2446,+966 56 386 6984,"https://www.google.com/maps/search/Al-Tayebat+Museum/@21.580993,39.176666,17z",,,,,
P071,متحف دار المدينة,Dar Al-Madinah Museum,Madinah,,Madinah,attraction,culture,museum,,no,low,30,,all,mixed,any,indoor,2,4.6,medium,4.6,easy,yes,yes,no,anytime,all,no,Mon-Wed 11:00-18:00|Thu-Sat Closed,no,yes,no,yes,yes,no,yes,no,24.477161,39.6878556,متحف يعرض تاريخ المدينة المنورة منذ ما قبل الإسلام حتى العصر الحديث بمجسمات تفاعلية,Museum showcasing Madinah history from pre-Islamic times to modern era with interactive models,"متحف,تاريخ,المدينة,ثقافة,تعليم,تفاعلي","تاريخ المدينة كامل,مجسمات تفاعلية,من قبل الإسلام للحين",P026,6175,+966 53 477 9997,"https://www.google.com/maps/search/Dar+Al-Madinah+Museum/@24.477161,39.6878556,17z",,,,,
P072,سوق عكاظ,Souq Okaz,Taif,,Makkah,attraction,culture,festival,,no,free,0,,all,mixed,family,outdoor,4,4.2,high,4.2,easy,yes,yes,no,evening,summer,yes,17:00-00:00,no,yes,yes,yes,no,yes,yes,no,21.4742393,40.644894,مهرجان ثقافي سنوي يحيي سوق عكاظ التاريخي بالشعر والمسرح والفنون الشعبية والأكل التقليدي,"Annual cultural festival reviving the historic Okaz market with poetry, theater, folk arts and traditional food","ثقافة,شعر,فنون,مهرجان,تاريخ,طائف,شعبي","مهرجان سنوي,شعر وفنون,أكل تقليدي","P023,P024",5884,,"https://www.google.com/maps/search/Souq+Okaz/@21.4742393,40.644894,17z",,,,,
P073,عين زبيدة,Ain Zubaida,Makkah,,Makkah,attraction,heritage,historic_site,,no,free,0,,all,mixed,any,outdoor,1,4.4,medium,4.4,easy,partial,yes,no,morning,winter,yes,24h,no,yes,no,yes,no,no,nearby,no,21.38807,39.9142504,نظام مياه تاريخي عبقري بناه هارون الرشيد لإيصال الماء لمكة عبر قنوات تحت الأرض 35 كم,Ingenious historic water system built by Harun al-Rashid channeling water 35km to Makkah through underground channels,"تاريخ,مياه,عباسي,هندسة,تراث,قنوات","هندسة عباسية عبقرية,35 كم قنوات تحت الأرض,هارون الرشيد",P022,216,,"https://www.google.com/maps/search/Ain+Zubaida/@21.38807,39.9142504,17z",,,,,
R026,مطعم هرفي,Herfy Restaurant,Riyadh,فروع متعددة,Riyadh,restaurant,food,fast_food,american,local_chain,low,15-45,30,all,mixed,any,indoor,0.5,3.8,very_high,3.8,easy,yes,yes,no,anytime,all,no,06:00-02:00,no,yes,yes,no,yes,yes,yes,yes,24.662196,46.700976,أقدم سلسلة برجر سعودية منذ 1981، أكثر من 350 فرع في المملكة بقائمة فطور وبرجر وآيس كريم,"Oldest Saudi burger chain since 1981, 350+ branches with breakfast, burgers and ice cream menu","مطعم,برجر,سريع,سلسلة,فطور,رخيص","أقدم برجر سعودي 1981,350+ فرع,فطور وبرجر",,1328,+966 9200 01111,"https://www.google.com/maps/search/Herfy+Restaurant/@24.662196,46.700976,17z",https://www.herfy.com,@herfyofficial,,,
R027,مطعم الناضج,Al Nadeg Restaurant,Riyadh,النخيل,Riyadh,restaurant,food,traditional,saudi,local_chain,medium,50-150,90,all,mixed,family,indoor,1,4.2,high,3.9,easy,yes,yes,no,evening,all,no,11:00-02:00,no,yes,no,no,yes,yes,yes,yes,24.8369333,46.609557,سلسلة سعودية فاخرة متخصصة بالكبسة والمندي واللحم الناضج المدخن بجودة ثابتة,"Premium Saudi chain specializing in kabsa, mandi and smoked aged meat with consistent quality","مطعم,سعودي,كبسة,مندي,مدخن,فاخر","لحم مدخن ناضج,كبسة مميزة,جودة ثابتة",,8586,+966 9200 02337,"https://www.google.com/maps/search/Al+Nadeg+Restaurant/@24.8369333,46.609557,17z",,@alnadeg,,,
R028,مطعم المحلاوي,Al Mahlawi Restaurant,Taif,,Makkah,restaurant,food,traditional,saudi,no,low,20-60,35,all,mixed,family,indoor,1,4.3,high,4.3,easy,yes,yes,no,anytime,all,no,07:00-01:00,no,yes,no,no,no,yes,yes,yes,21.2814113,40.446543,مطعم طائفي شعبي مشهور بالمعصوب والمطبق والبليلة والشريك بوصفات طائفية أصيلة,"Popular Taifi restaurant famous for masoob, mutabbaq, balila and shareek with authentic Taifi recipes","مطعم,طائفي,معصوب,مطبق,شعبي,فطور","معصوب طائفي أصيل,فطور شعبي,وصفات تقليدية","P023,P024",3246,+966 12 744 4012,"https://www.google.com/maps/search/Al+Mahlawi+Restaurant/@21.2814113,40.446543,17z",,@mallahcafe,,,
R029,كافيه دوز,Dose Cafe,Riyadh,فروع متعددة,Riyadh,cafe,food,coffee_shop,cafe,local_chain,medium,25-65,40,youth,mixed,friends,both,1.5,4.2,very_high,4,easy,yes,limited,outdoor_only,morning,all,no,07:00-02:00,no,yes,no,yes,yes,yes,nearby,yes,24.840074,46.732289,سلسلة كافيهات سعودية راقية بقهوة مختصة محمصة يدويا وإفطار صحي وأجواء انستغرامية,"Premium Saudi cafe chain with hand-roasted specialty coffee, healthy breakfast and Instagram-worthy atmosphere","كافيه,قهوة,مختصة,محمصة,إفطار,انستغرام","قهوة محمصة يدويا,إفطار صحي,أجواء انستغرامية",,2613,+966 56 222 2411,"https://www.google.com/maps/search/Dose+Cafe/@24.840074,46.732289,17z",,,,,
R030,مطعم لافاش,Lavash Restaurant,Jeddah,الأندلس,Makkah,restaurant,food,middle_eastern,lebanese,no,medium,60-150,100,all,mixed,family,indoor,1.5,4.2,high,4,easy,yes,yes,outdoor_only,evening,all,no,08:00-02:00,no,yes,no,yes,yes,yes,yes,yes,21.549617,39.162427,مطعم لبناني فاخر بتشكيلة مزة واسعة ومشاويات وفتوش ومناقيش طازجة,"Premium Lebanese restaurant with wide meze selection, grills, fattoush and fresh manakeesh","مطعم,لبناني,مزة,مشاويات,فتوش,مناقيش","مزة متنوعة,مشاويات لبنانية,مناقيش طازجة",P018,2429,+966 12 423 3690,"https://www.google.com/maps/search/Lavash+Restaurant/@21.549617,39.162427,17z",,,,,
R031,مطعم تاكو بيل,Taco Bell,Riyadh,فروع متعددة,Riyadh,restaurant,food,fast_food,american,yes,low,15-40,25,youth,mixed,friends,indoor,0.5,4.1,high,4.1,easy,yes,yes,no,anytime,all,no,13:00-02:00|Thu-Fri 13:00-03:00,no,yes,no,no,yes,yes,yes,yes,24.790039,46.636798,سلسلة مكسيكية عالمية تقدم تاكو وبوريتو وناتشوز حلال بأسعار معقولة,"Global Mexican chain serving halal tacos, burritos and nachos at reasonable prices","مطعم,مكسيكي,تاكو,بوريتو,سريع,حلال","أكل مكسيكي حلال,أسعار معقولة,فروع متعددة",,2124,+966 54 645 5154,"https://www.google.com/maps/search/Taco+Bell/@24.790039,46.636798,17z",,,,,
R032,مطعم تشيز كيك فاكتوري,The Cheesecake Factory,Riyadh,,Riyadh,restaurant,food,casual_dining,american,yes,medium,80-200,130,all,mixed,family,indoor,1.5,4.3,very_high,4.3,easy,yes,yes,no,evening,all,no,17:00-03:00,recommended,yes,no,no,yes,yes,yes,yes,24.778321,46.734432,سلسلة أمريكية فاخرة بقائمة ضخمة تتجاوز 250 صنف وتشيز كيك بأكثر من 30 نكهة,Premium American chain with massive 250+ item menu and cheesecake in 30+ flavors,"مطعم,أمريكي,تشيز_كيك,قائمة_ضخمة,عائلات","250+ صنف,30+ نكهة تشيز كيك,قائمة ضخمة",P066,19773,+966 11 520 3501,"https://www.google.com/maps/search/The+Cheesecake+Factory/@24.778321,46.734432,17z",https://www.thecheesecakefactory.com,@cheesecakefactoryme,,,
P074,برج رافال,Rafal Tower,Riyadh,الصحافة,Riyadh,attraction,landmark,observation,,no,high,100-300,,adult,mixed,couple,indoor,2,4,high,3.6,easy,yes,valet,no,evening,all,no,16:00-00:00,recommended,no,no,yes,yes,yes,yes,no,24.792635,46.632379,فندق وبرج فاخر بارتفاع 308 متر مع مطاعم ولاونج في الأدوار العليا بإطلالة مذهلة,Luxury 308m hotel tower with restaurants and lounge on upper floors with stunning views,"برج,إطلالة,فاخر,مطاعم,لاونج","308 متر ارتفاع,مطاعم بإطلالة,أجواء فاخرة",P005,232,+966 9200 10313,"https://www.google.com/maps/search/Rafal+Tower/@24.792635,46.632379,17z",,,,,
P075,متحف صقر الجزيرة للطيران,Saqr Al-Jazira Aviation Museum,Riyadh,,Riyadh,attraction,culture,museum,,no,low,25,,all,mixed,family,both,2,4.5,medium,4.5,easy,yes,yes,no,morning,all,no,"Mon-Tue,Sat-Sun 16:00-22:00|Wed-Thu 10:00-15:00,21:00-01:00|Fri 21:00-00:00",no,yes,yes,yes,yes,nearby,yes,no,24.754061,46.739112,متحف تفاعلي لتاريخ الطيران السعودي يضم طائرات حقيقية ومحاكيات طيران ومعارض تفاعلية,"Interactive Saudi aviation history museum with real aircraft, flight simulators and interactive exhibits","متحف,طيران,تفاعلي,أطفال,محاكي,طائرات","طائرات حقيقية,محاكيات طيران,تفاعلي للأطفال",P003,2988,+966 58 347 4473,"https://www.google.com/maps/search/Saqr+Al-Jazira+Aviation+Museum/@24.754061,46.739112,17z",,,,,
P076,حديقة الملك سلمان,King Salman Park,Riyadh,,Riyadh,park,nature,park,,no,free,0,,all,mixed,family,outdoor,4,4.5,very_high,4.5,easy,yes,yes,no,evening,winter,yes,06:00-00:00,no,yes,yes,yes,yes,yes,yes,no,24.714016,46.707157,من أكبر حدائق المدن في العالم على مساحة 13 كم مربع، غابات ومسطحات خضراء ومتاحف وملاعب,"One of the worlds largest city parks at 13 sqkm with forests, green spaces, museums and sports facilities","حديقة,ضخمة,عائلات,غابة,رياضة,مجاني","13 كم مربع,من أكبر حدائق العالم,غابات ومتاحف",P008,105,,"https://www.google.com/maps/search/King+Salman+Park/@24.714016,46.707157,17z",,,,,
R033,مطعم نوزومي,Nozomi Restaurant,Riyadh,العليا,Riyadh,restaurant,food,fine_dining,japanese,yes,luxury,300-800,500,adult,mixed,couple,indoor,2,4.6,high,4.6,easy,yes,valet,no,evening,all,no,13:00-01:15,yes,no,no,yes,yes,yes,yes,no,24.7010494,46.6771162,مطعم ياباني فاخر متخصص بالسوشي والساشيمي والروبيان التمبورا بتقديم فني عالمي,"Premium Japanese restaurant specializing in sushi, sashimi and tempura shrimp with world-class presentation","مطعم,ياباني,سوشي,فاخر,راقي,تمبورا","سوشي عالمي المستوى,تقديم فني,أجواء يابانية",P005,3333,+966 9200 11923,"https://www.google.com/maps/search/Nozomi+Restaurant/@24.7010494,46.6771162,17z",https://www.nozomi.co,@nozomi_riyadh,,,
R034,مطعم بوقات,Bogat Restaurant,Riyadh,السليمانية,Riyadh,restaurant,food,traditional,saudi,no,medium,60-160,100,all,mixed,family,indoor,1.5,4.5,high,4.4,easy,yes,yes,no,evening,all,no,12:30-00:00,recommended,yes,no,yes,yes,yes,yes,yes,24.688,46.682,مطعم سعودي عصري يقدم الأكلات السعودية بلمسة حديثة ومكونات محلية عالية الجودة,Modern Saudi restaurant serving Saudi dishes with contemporary twist and high-quality local ingredients,"مطعم,سعودي,عصري,محلي,جودة,حديث","أكل سعودي بلمسة عصرية,مكونات محلية,تقديم أنيق",R001,,,"https://www.google.com/maps/search/Bogat+Restaurant/@24.688,46.682,17z",,,,,
P077,منتزه الشلال الترفيهي,Al Shallal Theme Park,Jeddah,الكورنيش,Makkah,attraction,entertainment,theme_park,,no,medium,50-150,,family,mixed,family,both,4,4.1,very_high,4.1,easy,yes,yes,no,evening,all,no,16:30-00:00|Thu-Fri 16:30-01:00,no,yes,yes,yes,yes,yes,yes,no,21.568825,39.111423,مدينة ملاهي على البحر الأحمر فيها ألعاب مائية وأرضية وحلبة تزلج وصالة بولينج,"Seaside theme park with water rides, land rides, ice skating rink and bowling alley","ملاهي,عائلات,أطفال,ألعاب_مائية,تزلج,بولينج","ألعاب مائية وأرضية,حلبة تزلج,على البحر","P018,P067",27273,+966 50 880 2206,"https://www.google.com/maps/search/Al+Shallal+Theme+Park/@21.568825,39.111423,17z",https://www.alshallal.com.sa,@alshallalpark,,,
P078,جدة أكواريوم الجديد,Jeddah New Aquarium,Jeddah,أبحر,Makkah,attraction,entertainment,aquarium,,no,medium,60-100,,family,mixed,family,indoor,2,4.2,high,4.2,easy,yes,yes,no,anytime,all,no,10:00-00:30,no,yes,yes,yes,yes,yes,yes,no,21.572203,39.109617,أكواريوم حديث يعرض الحياة البحرية للبحر الأحمر مع أنفاق زجاجية تحت الماء,Modern aquarium showcasing Red Sea marine life with underwater glass tunnels,"أكواريوم,بحري,عائلات,أطفال,أنفاق,تعليم","أنفاق زجاجية تحت الماء,حياة البحر الأحمر,تعليمي","P020,P021",36418,+966 12 606 6144,"https://www.google.com/maps/search/Jeddah+New+Aquarium/@21.572203,39.109617,17z",https://www.fakiehaquarium.com,@fakiehaquarium,,,
P079,حي جميل للفنون,Hayy Jameel Arts Center,Jeddah,,Makkah,attraction,culture,art_gallery,,no,free,0,,adult,mixed,any,indoor,2,4.5,medium,4.5,easy,yes,yes,no,anytime,all,no,Mon 09:00-23:30|Tue Closed|Wed-Sun 21:30-02:00,no,yes,no,yes,yes,yes,yes,no,21.6313125,39.1290136,مركز فنون معاصرة مجاني يستضيف معارض عالمية وورش فنية وسينما ومكتبة وكافيه,"Free contemporary arts center hosting world-class exhibitions, art workshops, cinema, library and cafe","فن,معاصر,معارض,ورش,سينما,مكتبة,مجاني","معارض عالمية مجانا,ورش فنية,سينما ومكتبة",P017,2640,+966 55 834 7921,"https://www.google.com/maps/search/Hayy+Jameel+Arts+Center/@21.6313125,39.1290136,17z",,,,,
R035,مطعم السلطان بروست,Sultan Broast,Jeddah,فروع متعددة,Makkah,restaurant,food,fast_food,american,local_chain,low,15-45,30,all,mixed,any,indoor,0.5,3.9,high,3.8,easy,yes,yes,no,anytime,all,no,13:00-02:00,no,yes,no,no,no,yes,yes,yes,21.545265,39.196679,سلسلة بروستد جداوية مشهورة منذ عقود منافسة للبيك بأسعار شعبية,Famous Jeddah broasted chain competing with Al Baik for decades at popular prices,"مطعم,بروستد,دجاج,سريع,شعبي,جداوي","منافس البيك الأول,جداوي أصيل,أسعار شعبية",R010,59,+966 50 798 7846,"https://www.google.com/maps/search/Sultan+Broast/@21.545265,39.196679,17z",,,,,
R036,مطعم بن جوجو,Bin Gugu Restaurant,Jeddah,البلد,Makkah,restaurant,food,traditional,saudi,no,low,20-60,35,all,mixed,family,indoor,1,4.2,high,4.1,easy,partial,limited,no,morning,all,no,05:00-00:00,no,yes,no,no,no,yes,nearby,yes,21.4855,39.1858,مطعم حجازي أصيل في البلد متخصص بالسليق واللحم الجملي والرز بخاري بوصفات قديمة,"Authentic Hejazi restaurant in Al-Balad specializing in saleeg, camel meat and Bukhari rice with old recipes","مطعم,حجازي,سليق,جملي,بخاري,بلد,أصيل","سليق حجازي أصيل,لحم جملي,وصفات قديمة","P017,R008,R014",,,"https://www.google.com/maps/search/Bin+Gugu+Restaurant/@21.4855,39.1858,17z",,,,,
R037,مطعم تويا,Twoya Restaurant,Jeddah,الحمراء,Makkah,restaurant,food,fine_dining,japanese,no,high,200-500,350,adult,mixed,couple,indoor,2,4.6,high,4.5,easy,yes,valet,no,evening,all,no,13:00-00:00,yes,no,no,yes,yes,yes,yes,no,21.54,39.165,مطعم ياباني فاخر من أفضل مطاعم جدة، سوشي وساشيمي طازج يوميا وأجواء يابانية أصيلة,"Premium Japanese restaurant, one of Jeddah's best, with daily fresh sushi and sashimi in authentic Japanese ambiance","مطعم,ياباني,سوشي,فاخر,طازج,راقي","من أفضل مطاعم جدة,سوشي طازج يوميا,أجواء يابانية",R009,,,"https://www.google.com/maps/search/Twoya+Restaurant/@21.54,39.165,17z",,,,,
R038,مطعم بيتزا إيطاليانو,Pizza Italiano,Jeddah,التحلية,Makkah,restaurant,food,italian,italian,no,medium,50-150,90,all,mixed,family,indoor,1,4.3,high,4.2,easy,yes,yes,no,evening,all,no,12:00-00:00,no,yes,no,no,yes,yes,yes,yes,21.55,39.13,مطعم إيطالي أصيل ببيتزا محضرة في فرن حطب وباستا طازجة يدوية الصنع,Authentic Italian restaurant with wood-fired pizza and handmade fresh pasta,"مطعم,إيطالي,بيتزا,باستا,فرن_حطب","فرن حطب إيطالي,باستا يدوية الصنع,وصفات أصيلة",,,,"https://www.google.com/maps/search/Pizza+Italiano/@21.55,39.13,17z",,,,,
P080,إثراء مركز الملك عبدالعزيز,Ithra King Abdulaziz Center,Dhahran,,Eastern,attraction,culture,museum,,no,low,Oct-50,,all,mixed,any,both,4,4.7,very_high,4.6,easy,yes,yes,no,anytime,all,no,Mon-Sat 20:30-00:00|Sun Closed,no,yes,yes,yes,yes,yes,yes,no,26.3354262,50.1209593,مركز ثقافي عالمي المستوى من أرامكو يضم متحف ومكتبة وسينما ومعارض تفاعلية وبرج المعرفة,"World-class Aramco cultural center with museum, library, cinema, interactive exhibits and Knowledge Tower","ثقافة,متحف,مكتبة,سينما,تفاعلي,أرامكو,إثراء","مركز ثقافي عالمي,أرامكو,برج المعرفة",P048,7242,,"https://www.google.com/maps/search/Ithra+King+Abdulaziz+Center/@26.3354262,50.1209593,17z",https://www.ithra.com,@itaborwah,,,
P081,الكوبري المعلق الخبر,Khobar Hanging Bridge,Khobar,الكورنيش,Eastern,attraction,nature,waterfront,,no,free,0,,all,mixed,family,outdoor,2,4.6,high,4.6,easy,yes,yes,no,evening,winter,yes,08:00-15:30,no,yes,yes,yes,no,yes,nearby,no,26.2936317,50.2254964,كورنيش الخبر الشهير مع جسر معلق فوق البحر ومنتزهات ومطاعم وملاعب أطفال,"Famous Khobar Corniche with suspended bridge over sea, parks, restaurants and playgrounds","كورنيش,بحر,جسر,عائلات,مشي,خبر","جسر معلق فوق البحر,كورنيش ممتد,مطاعم بحرية",P035,18138,+966 13 804 6000,"https://www.google.com/maps/search/Khobar+Hanging+Bridge/@26.2936317,50.2254964,17z",,,,,
P082,بحيرة الأصفر,Al-Asfar Lake,Al-Ahsa,,Eastern,attraction,nature,lake,,no,free,0,,all,mixed,family,outdoor,3,4.1,medium,3.9,easy,no,yes,no,evening,winter,yes,sunrise-sunset,no,yes,no,yes,no,no,no,no,25.525252,49.808672,أكبر بحيرة طبيعية في الشرقية محاطة بالنخيل والطيور المهاجرة ومناظر غروب خلابة,"Largest natural lake in Eastern Province surrounded by palms, migratory birds and stunning sunsets","طبيعة,بحيرة,طيور,نخيل,هادئ,غروب","أكبر بحيرة بالشرقية,طيور مهاجرة,غروب خلاب",P037,561,,"https://www.google.com/maps/search/Al-Asfar+Lake/@25.525252,49.808672,17z",,,,,
R039,مطعم الخيمة التراثي,Al Khaimah Heritage Restaurant,Dammam,,Eastern,restaurant,food,traditional,saudi,no,medium,60-150,100,all,mixed,family,both,1.5,4.3,high,4.2,easy,yes,yes,outdoor_only,evening,winter,no,12:00-01:00,recommended,yes,yes,yes,yes,yes,yes,yes,26.42,50.1,مطعم سعودي تراثي بديكور خيمة بدوية أصيلة، يقدم كبسة ومندي وجريش بأجواء تراثية,"Heritage Saudi restaurant with authentic Bedouin tent decor serving kabsa, mandi and jareesh","مطعم,سعودي,تراثي,بدوي,خيمة,كبسة","ديكور خيمة بدوية,أجواء تراثية,كبسة ومندي",P035,,,"https://www.google.com/maps/search/Al+Khaimah+Heritage+Restaurant/@26.42,50.1,17z",,,,,
R040,مطعم ساليه سوكريه,Salle Sucree,Khobar,الكورنيش,Eastern,cafe,food,bakery,cafe,no,medium,30-80,50,all,mixed,friends,indoor,1.5,4.3,high,4.2,easy,yes,yes,no,morning,all,no,07:30-23:00|Thu-Fri 07:30-00:00,no,yes,no,yes,yes,yes,nearby,yes,26.3064778,50.210026,مخبز وكافيه فرنسي فاخر بكرواسون طازج وحلويات فرنسية يدوية الصنع وإفطار مميز,"Premium French bakery and cafe with fresh croissants, handmade French pastries and premium breakfast","كافيه,مخبز,فرنسي,كرواسون,حلويات,إفطار","كرواسون طازج يوميا,حلويات فرنسية,إفطار مميز",P081,5200,+966 9200 10330,"https://www.google.com/maps/search/Salle+Sucree/@26.3064778,50.210026,17z",,,,,
P083,جزيرة صنافير,Sanafir Island,Tabuk,,Tabuk,attraction,nature,island,,no,high,500-2000,,youth,mixed,friends,outdoor,8,4.7,low,5,moderate,no,no,no,morning,all,yes,daylight,yes,no,no,yes,no,no,no,no,27.9351113,34.696709,جزيرة بكر في البحر الأحمر بشعاب مرجانية نادرة وحياة بحرية غنية ومياه كريستالية,"Pristine Red Sea island with rare coral reefs, rich marine life and crystal clear water","جزيرة,غوص,شعاب,بحر,بكر,كريستال","شعاب مرجانية نادرة,مياه كريستالية,جزيرة بكر",P039,4,,"https://www.google.com/maps/search/Sanafir+Island/@27.9351113,34.696709,17z",,,,,
P084,مشروع نيوم,NEOM Project,Tabuk,نيوم,Tabuk,attraction,entertainment,resort,,no,luxury,1000-5000,,all,mixed,any,both,8,4.5,very_high,4.6,easy,yes,yes,no,anytime,winter,no,24h,yes,yes,yes,yes,yes,yes,yes,no,28.143878,34.937565,مدينة المستقبل الذكية في شمال غرب المملكة، مشروع بـ 500 مليار دولار يضم شواطئ وجبال وصحراء,"Smart city of the future in NW Saudi Arabia, $500 billion project with beaches, mountains and desert","مستقبل,ذكي,نيوم,منتجع,شاطئ,جبل,صحراء","مدينة المستقبل,500 مليار دولار,شواطئ وجبال وصحراء",P039,102,,"https://www.google.com/maps/search/NEOM+Project/@28.143878,34.937565,17z",https://www.neom.com,@discoverneom,,,
P085,مدينة شرما,Sharma Beach,Tabuk,شرما,Tabuk,attraction,nature,beach,,no,free,0,,all,mixed,any,outdoor,5,4.3,medium,3.6,easy,no,yes,no,morning,all,yes,24h,no,yes,no,yes,no,no,no,no,28.034911,35.226845,شاطئ بكر هادئ بمياه فيروزية ورمال بيضاء ونخيل على ساحل البحر الأحمر الشمالي,"Pristine quiet beach with turquoise water, white sand and palms on the northern Red Sea coast","شاطئ,بحر,بكر,هادئ,فيروزي,نخيل","شاطئ بكر,مياه فيروزية,هدوء تام",P084,48,,"https://www.google.com/maps/search/Sharma+Beach/@28.034911,35.226845,17z",,,,,
P086,تلفريك أبها,Abha Cable Car,Abha,,Asir,attraction,entertainment,cable_car,,no,low,90-100,,family,mixed,family,outdoor,2,4.2,very_high,4,easy,partial,yes,no,afternoon,summer,yes,12:00-19:00,no,yes,no,yes,no,nearby,nearby,no,18.210208,42.4846586,تلفريك يربط بين قمتين جبليتين فوق الغيوم بإطلالة خرافية على مدينة أبها والوديان,Cable car connecting two mountain peaks above the clouds with stunning views of Abha and valleys,"تلفريك,إطلالة,غيوم,جبال,عائلات,ترفيه","فوق الغيوم,إطلالة على أبها والوديان,رحلة مثيرة","P033,P050",386,,"https://www.google.com/maps/search/Abha+Cable+Car/@18.210208,42.4846586,17z",,,,,
P087,سد أبها,Abha Dam,Abha,,Asir,attraction,nature,lake,,no,free,0,,all,mixed,family,outdoor,2,4,high,3.9,easy,partial,yes,no,afternoon,summer,yes,24h,no,yes,no,yes,no,nearby,nearby,no,18.2116134,42.486726,بحيرة اصطناعية خلف سد أبها محاطة بالجبال الخضراء، فيها قوارب وبدالات ومناطق نزهة,"Artificial lake behind Abha Dam surrounded by green mountains with boats, pedal boats and picnic areas","بحيرة,سد,جبال,قوارب,نزهة,عائلات","بحيرة بين الجبال,قوارب وبدالات,مناظر خضراء","P050,P051",635,,"https://www.google.com/maps/search/Abha+Dam/@18.2116134,42.486726,17z",,,,,
R041,كافيه 2000 أبها,Cafe 2000 Abha,Abha,,Asir,cafe,food,coffee_shop,cafe,no,medium,25-60,40,youth,mixed,friends,both,1.5,4.3,high,4.4,easy,yes,yes,outdoor_only,evening,summer,no,10:00-01:00|Fri 15:00-02:00,no,yes,no,yes,yes,yes,nearby,yes,18.200106,42.495344,كافيه عسيري بإطلالة على مدينة أبها الضبابية، قهوة مختصة وحلويات عسيرية وأجواء ساحرة,"Asiri cafe overlooking foggy Abha, specialty coffee and Asiri desserts with enchanting atmosphere","كافيه,قهوة,عسيري,إطلالة,ضباب,حلويات","إطلالة على أبها الضبابية,حلويات عسيرية,أجواء ساحرة",P050,2196,,"https://www.google.com/maps/search/Cafe+2000+Abha/@18.200106,42.495344,17z",,,,,
P088,قرية المقر التراثية,Al-Maqar Heritage Village,Al Baha,,Al Baha,attraction,heritage,village,,no,low,20,,all,mixed,any,both,2,4,medium,3.7,easy,partial,yes,no,morning,all,no,16:00-22:00,no,yes,no,yes,no,no,nearby,no,19.11782,42.119074,قرية تراثية تحولت لمتحف مفتوح بـ 1000 غرفة يعرض الحياة القديمة بمنطقة الباحة,Heritage village turned open museum with 1000 rooms showcasing ancient life in Al Baha region,"تراث,متحف,قرية,ثقافة,تاريخ,باحة","1000 غرفة متحف مفتوح,حياة قديمة,تراث باحة","P043,P044",3397,,"https://www.google.com/maps/search/Al-Maqar+Heritage+Village/@19.11782,42.119074,17z",,,,,
P089,مزارع العنب في القصيم,Qassim Grape Farms,Buraydah,,Qassim,attraction,nature,farm,,no,free,0,,all,mixed,family,outdoor,2,4.1,medium,4,easy,partial,yes,no,morning,summer,yes,sunrise-sunset,no,yes,no,yes,no,nearby,nearby,no,26.32,43.95,مزارع عنب ضخمة تشتهر بها القصيم مع إمكانية قطف العنب مباشرة من الكروم في الموسم,Massive grape farms Qassim is famous for with opportunity to pick grapes directly from vines in season,"مزارع,عنب,قصيم,قطف,طبيعة,موسمي","قطف عنب مباشر,مزارع ضخمة,موسم الصيف",P046,,,"https://www.google.com/maps/search/Qassim+Grape+Farms/@26.32,43.95,17z",,,,,
P090,متنزه جبل القدير,Jabal Al-Qadir Park,Hail,,Hail,park,nature,mountain,,no,free,0,,all,mixed,family,outdoor,3,4.2,medium,4.1,moderate,no,yes,no,evening,winter,yes,24h,no,yes,no,yes,no,nearby,nearby,no,27.52,41.7,جبل يرتفع فوق حائل بمسارات مشي ومناطق نزهة وإطلالة بانورامية على المدينة وقت الغروب,"Mountain rising above Hail with walking trails, picnic areas and panoramic city view at sunset","جبل,منتزه,إطلالة,مشي,حائل,غروب","إطلالة بانورامية على حائل,مسارات مشي,غروب خرافي",P059,,,"https://www.google.com/maps/search/Jabal+Al-Qadir+Park/@27.52,41.7,17z",,,,,
R042,مطعم حائل التراثي,Hail Heritage Restaurant,Hail,,Hail,restaurant,food,traditional,saudi,no,low,30-80,50,all,mixed,family,indoor,1,4,medium,3.8,easy,yes,yes,no,evening,all,no,06:00-00:00,no,yes,no,no,yes,yes,yes,yes,27.52182,41.69571,مطعم حائلي تقليدي يقدم أكلات حائلية أصيلة مثل المرقوق والقرصان والمطازيز والتمن,"Traditional Haili restaurant serving authentic Hail dishes like markook, gursan, mataziz and tamn","مطعم,حائلي,مرقوق,قرصان,تقليدي,شعبي","أكل حائلي أصيل,مرقوق وقرصان,أجواء تراثية","P059,P045",5783,+966 16 531 0000,"https://www.google.com/maps/search/Hail+Heritage+Restaurant/@27.52182,41.69571,17z",,,,,
P091,سد وادي نجران,Najran Valley Dam,Najran,,Najran,attraction,nature,lake,,no,free,0,,all,mixed,family,outdoor,2,4,medium,4,easy,partial,yes,no,evening,winter,yes,24h,no,yes,no,yes,no,nearby,nearby,no,17.407944,44.014164,أكبر سد في المملكة يحتجز بحيرة خلابة محاطة بالجبال والنخيل ومناطق تنزه وشواء,"Largest dam in the Kingdom creating a stunning lake surrounded by mountains, palms and BBQ areas","سد,بحيرة,جبال,نخيل,نزهة,شواء,نجران","أكبر سد بالمملكة,بحيرة بين الجبال,مناطق شواء","P041,P060",85,+966 54 052 4626,"https://www.google.com/maps/search/Najran+Valley+Dam/@17.407944,44.014164,17z",,,,,
P092,سوق نجران الشعبي,Najran Traditional Market,Najran,,Najran,souq,shopping,traditional_market,,no,low,0-200,,all,mixed,any,indoor,2,4.3,medium,4.3,easy,partial,limited,no,morning,all,no,07:00-20:00,no,yes,no,yes,no,yes,nearby,no,17.489915,44.1288,سوق شعبي نجراني يبيع العسل الجبلي والخناجر النجرانية والمصنوعات اليدوية والبخور,"Traditional Najrani market selling mountain honey, Najrani daggers, handicrafts and incense","سوق,شعبي,عسل,خنجر,يدوي,نجران","عسل جبلي نجراني,خناجر تقليدية,حرف يدوية",P060,1996,,"https://www.google.com/maps/search/Najran+Traditional+Market/@17.489915,44.1288,17z",,,,,
P093,كورنيش جازان,Jazan Corniche,Jazan,,Jazan,attraction,nature,waterfront,,no,free,0,,all,mixed,family,outdoor,3,4.4,high,4.4,easy,yes,yes,no,evening,winter,yes,24h,no,yes,yes,yes,no,yes,nearby,no,16.8332782,42.6015231,واجهة بحرية على البحر الأحمر مع مسارات مشي ومطاعم ومقاهي وملاعب أطفال وغروب مذهل,"Red Sea waterfront with walking paths, restaurants, cafes, playgrounds and stunning sunset","كورنيش,بحر,مشي,عائلات,غروب,جازان","غروب مذهل على البحر الأحمر,مسارات مشي,مطاعم بحرية",P040,948,,"https://www.google.com/maps/search/Jazan+Corniche/@16.8332782,42.6015231,17z",,,,,
R043,مطعم الصياد جازان,Al Sayyad Jazan,Jazan,,Jazan,restaurant,food,seafood,seafood,no,low,30-90,60,all,mixed,family,indoor,1,4.1,high,3.9,easy,yes,yes,no,evening,all,no,12:00-23:00,no,yes,no,no,no,yes,yes,yes,16.902011,42.556718,مطعم أسماك جازاني طازجة من البحر الأحمر، ناجل وحمور وربيان مقلي ومشوي بطريقة جازانية,"Fresh Jazani fish restaurant with Red Sea grouper, hammour and shrimp fried and grilled Jazan style","مطعم,سمك,جازاني,طازج,بحري,مشوي","سمك طازج يوميا,طريقة جازانية أصيلة,من البحر الأحمر",P093,937,+966 55 655 1245,"https://www.google.com/maps/search/Al+Sayyad+Jazan/@16.902011,42.556718,17z",,,,,
R044,مطعم بيت الشاورما,Shawarma House,Riyadh,فروع متعددة,Riyadh,restaurant,food,fast_food,lebanese,local_chain,low,Oct-35,20,all,mixed,any,indoor,0.5,4,very_high,3.9,easy,yes,yes,no,anytime,all,no,11:00-03:00,no,yes,no,no,no,yes,yes,yes,24.725,46.705,سلسلة شاورما سعودية بأسعار رخيصة جدا تبدأ من 5 ريال، مشهورة بكمية الحشوة الكبيرة,"Saudi shawarma chain with very cheap prices starting from 5 SAR, famous for generous filling","مطعم,شاورما,رخيص,سريع,شعبي,توصيل","أرخص شاورما بالسعودية,حشوة كبيرة,فروع كثيرة",,,,"https://www.google.com/maps/search/Shawarma+House/@24.725,46.705,17z",,,,,
R045,مطعم مشوار,Mashwar Restaurant,Riyadh,العليا,Riyadh,restaurant,food,middle_eastern,lebanese,no,medium,60-160,110,all,mixed,family,indoor,1.5,4.2,high,4,easy,yes,yes,outdoor_only,evening,all,no,12:30-00:00,recommended,yes,no,no,yes,yes,yes,yes,24.7086164,46.698401,مطعم لبناني راقي بتشكيلة مزة غنية ومشاويات على الفحم وفتة وكنافة وأجواء عربية أصيلة,"Upscale Lebanese restaurant with rich meze selection, charcoal grills, fatteh and kunafa in authentic Arabic ambiance","مطعم,لبناني,مزة,مشاويات,فحم,كنافة","مزة غنية,مشاويات فحم,كنافة وحلويات",,1293,+966 11 464 6984,"https://www.google.com/maps/search/Mashwar+Restaurant/@24.7086164,46.698401,17z",,@meshwar.alaseel,,,
R046,مطعم بيت المندي,Bait Al Mandi,Jeddah,فروع متعددة,Makkah,restaurant,food,traditional,saudi,local_chain,low,25-70,45,all,mixed,family,indoor,1,4.2,high,4.1,easy,yes,yes,no,evening,all,no,11:00-01:00,no,yes,no,no,yes,yes,yes,yes,21.52,39.17,سلسلة مطاعم مندي يمني أصيل بلحم ودجاج مدخن على الحطب بطريقة التنور التقليدية,Authentic Yemeni mandi chain with smoked meat and chicken in traditional tandoor style over firewood,"مطعم,مندي,يمني,مدخن,حطب,تنور","مندي على الحطب,تنور تقليدي,لحم مدخن",,,,"https://www.google.com/maps/search/Bait+Al+Mandi/@21.52,39.17,17z",,,,,
R047,كافيه الفنجان الذهبي,Golden Cup Cafe,Madinah,,Madinah,cafe,food,coffee_shop,cafe,no,low,15-40,25,all,mixed,any,indoor,1,4.3,high,4.5,easy,yes,limited,no,anytime,all,no,06:30-00:30|Fri 17:00-01:00,no,yes,no,no,yes,yes,nearby,yes,24.473926,39.611289,كافيه قريب من الحرم النبوي يقدم قهوة عربية وتركية وحلويات مدنية بأسعار معقولة,Cafe near the Prophet's Mosque serving Arabic and Turkish coffee and Madani sweets at reasonable prices,"كافيه,قهوة,مدني,قريب_الحرم,حلويات","قريب من الحرم,قهوة عربية,حلويات مدنية",P026,1710,,"https://www.google.com/maps/search/Golden+Cup+Cafe/@24.473926,39.611289,17z",,,,,
R048,مطعم بخاري ستان,Bukhari Stan,Madinah,,Madinah,restaurant,food,traditional,mixed,no,medium,40-100,70,all,mixed,family,indoor,1,4.1,high,4.1,easy,yes,yes,no,evening,all,no,11:30-02:30,no,yes,no,no,yes,yes,yes,yes,24.474849,39.582537,مطعم بخاري مدني مشهور بالرز البخاري المدخن واللحم المتبل والسلطات الأفغانية,"Famous Madani Bukhari restaurant known for smoked Bukhari rice, marinated meat and Afghan salads","مطعم,بخاري,مدني,أرز,مدخن,أفغاني","رز بخاري مدخن,لحم متبل,سلطات أفغانية",P026,1017,+966 50 107 3266,"https://www.google.com/maps/search/Bukhari+Stan/@24.474849,39.582537,17z",,,,,
R049,مطعم هندي ديلايت,Indian Delight,Riyadh,البطحاء,Riyadh,restaurant,food,indian,indian,no,low,20-60,40,all,mixed,any,indoor,1,4,high,3.9,easy,yes,limited,no,evening,all,no,08:00-00:00|Thu-Fri 08:00-01:00,no,yes,no,no,no,yes,yes,yes,24.669089,46.70883,مطعم هندي أصيل بالرياض متخصص ببرياني حيدر أبادي وتكا مسالا ونان طازج من التنور,"Authentic Indian restaurant in Riyadh specializing in Hyderabadi biryani, tikka masala and fresh tandoori naan","مطعم,هندي,برياني,تكا,نان,تنور,حلال","برياني حيدر أبادي,نان طازج من التنور,أكل هندي حلال",,794,+966 59 109 5474,"https://www.google.com/maps/search/Indian+Delight/@24.669089,46.70883,17z",,,,,
R050,مطعم بابل العراقي,Babel Iraqi Restaurant,Riyadh,الملز,Riyadh,restaurant,food,middle_eastern,iraqi,no,medium,50-130,80,all,mixed,family,indoor,1.5,4.3,high,4.3,easy,yes,yes,outdoor_only,evening,all,no,12:00-00:00,no,yes,no,no,yes,yes,yes,yes,24.783539,46.661183,مطعم عراقي أصيل يقدم مشاوي عراقية على الفحم وتكة وكباب وتمن عراقي ومسكوف سمك,"Authentic Iraqi restaurant serving charcoal Iraqi grills, tikka, kebab, Iraqi rice and masgouf fish","مطعم,عراقي,مشاوي,تكة,كباب,مسكوف","مشاوي عراقية فحم,مسكوف سمك,تمن عراقي",,95,+966 11 463 1888,"https://www.google.com/maps/search/Babel+Iraqi+Restaurant/@24.783539,46.661183,17z",,,,,
P094,مشروع البحر الأحمر,Red Sea Global Project,Umluj,,Madinah,attraction,entertainment,resort,,no,luxury,2000-10000,,adult,mixed,couple,both,24,4.8,high,4.7,easy,yes,yes,no,anytime,all,no,24h,yes,yes,yes,yes,yes,yes,yes,no,25.5,37.5,مشروع سياحي فاخر على 90+ جزيرة بالبحر الأحمر بمنتجعات صديقة للبيئة وتجارب غوص استثنائية,Luxury tourism project on 90+ Red Sea islands with eco-friendly resorts and exceptional diving experiences,"منتجع,فاخر,جزر,غوص,بيئي,بحر_أحمر","90+ جزيرة,منتجعات صديقة للبيئة,غوص استثنائي",P031,,,"https://www.google.com/maps/search/Red+Sea+Global+Project/@25.5,37.5,17z",https://www.redseaglobal.com,@redseaglobal,,,
P095,تجربة التخييم في العلا,AlUla Glamping Experience,AlUla,,Madinah,attraction,adventure,camping,,no,high,500-2000,,adult,mixed,couple,outdoor,24,4.5,high,4.5,easy,no,yes,no,evening,winter,yes,24h,yes,no,no,yes,yes,yes,nearby,no,26.824511,37.856958,تجربة تخييم فاخرة في خيام مجهزة بين صخور العلا تحت سماء مليانة نجوم مع عشاء بدوي,Luxury glamping in equipped tents among AlUla rocks under starry skies with Bedouin dinner,"تخييم,فاخر,علا,نجوم,بدوي,رومانسي","خيام فاخرة بين الصخور,عشاء بدوي,نجوم بلا حصر","P028,P029",421,+966 56 644 5538,"https://www.google.com/maps/search/AlUla+Glamping+Experience/@26.824511,37.856958,17z",,,,,
P096,غوص البحر الأحمر,Red Sea Diving,Jeddah,,Makkah,attraction,adventure,diving,,no,medium,200-500,,youth,mixed,friends,outdoor,5,4.7,high,5,moderate,no,yes,no,morning,all,yes,08:00-20:00,yes,no,no,yes,no,nearby,nearby,no,21.710626,39.086005,تجربة غوص في البحر الأحمر بمواقع عالمية مثل شعاب أبحر والأسماك الملونة والسلاحف,Red Sea diving experience at world-class sites like Obhur reefs with colorful fish and sea turtles,"غوص,بحر_أحمر,شعاب,أسماك,سلاحف,مغامرة","مواقع غوص عالمية,شعاب مرجانية ملونة,سلاحف بحرية",P021,15,+966 55 755 6553,"https://www.google.com/maps/search/Red+Sea+Diving/@21.710626,39.086005,17z",,,,,
P097,تجربة ركوب الجمال,Camel Riding Experience,Riyadh,,Riyadh,attraction,adventure,desert,,no,medium,100-300,,all,mixed,any,outdoor,3,4.3,high,4.2,moderate,no,yes,no,afternoon,winter,yes,14:00-sunset,yes,yes,no,yes,no,yes,no,no,24.9,46.55,تجربة ركوب جمال في الصحراء مع شاي عربي وقهوة وتمر ومشاهدة غروب الشمس الصحراوي,"Desert camel riding experience with Arabic tea, coffee, dates and desert sunset watching","جمال,صحراء,تجربة,غروب,قهوة,تقليدي","ركوب جمال بالصحراء,قهوة وتمر,غروب صحراوي",P013,,,"https://www.google.com/maps/search/Camel+Riding+Experience/@24.9,46.55,17z",,,,,
P098,سبا ومنتجع درة الرياض,Durrat Al Riyadh Resort,Riyadh,,Riyadh,attraction,entertainment,resort,,no,high,300-1000,,adult,mixed,couple,both,5,4.4,high,4.4,easy,yes,yes,no,anytime,all,no,08:00-22:00,yes,no,no,yes,yes,yes,yes,no,24.999362,46.510596,منتجع وسبا فاخر في الرياض مع مسابح وجاكوزي وغرف بخار ومساج وعلاجات تجميل,"Luxury resort and spa in Riyadh with pools, jacuzzi, steam rooms, massage and beauty treatments","سبا,منتجع,مسابح,مساج,استرخاء,فاخر","سبا فاخر,مسابح وجاكوزي,علاجات تجميل",,2181,+966 11 411 8800,"https://www.google.com/maps/search/Durrat+Al+Riyadh+Resort/@24.999362,46.510596,17z",,,,,
P099,منطقة جاكس الدرعية,JAX District Diriyah,Diriyah,الدرعية,Riyadh,attraction,culture,art_district,,no,free,0,,youth,mixed,friends,both,3,4.4,high,4.4,easy,yes,yes,no,evening,winter,yes,Mon-Thu 10:00-22:00|Fri-Sat 16:00-22:00|Sun Closed,no,yes,no,yes,yes,yes,yes,no,24.7474107,46.5386907,منطقة فنية وإبداعية في الدرعية تضم استوديوهات فنانين ومعارض ومطاعم ومقاهي وفعاليات,"Creative art district in Diriyah with artist studios, galleries, restaurants, cafes and events","فن,إبداع,معارض,استوديو,مقاهي,درعية","استوديوهات فنانين,معارض متجددة,أجواء إبداعية","P002,P012",424,+966 800 118 9999,"https://www.google.com/maps/search/JAX+District+Diriyah/@24.7474107,46.5386907,17z",https://www.dgda.gov.sa/en/jax,@jax.district,,,
P100,محمية الإمام تركي,Imam Turki Royal Reserve,Riyadh,,Riyadh,attraction,nature,reserve,,no,medium,50-200,,all,mixed,family,outdoor,6,4.5,high,5,moderate,no,yes,no,morning,winter,yes,guided-tours,yes,yes,no,yes,no,no,no,no,24.686438,46.629563,محمية طبيعية ملكية تضم مها عربي وغزلان وذئاب ونسور في بيئة صحراوية محمية,"Royal nature reserve with Arabian oryx, gazelles, wolves and eagles in protected desert environment","محمية,طبيعة,مها,غزال,حياة_برية,صحراء","مها عربي وغزلان,بيئة صحراوية محمية,جولات مرشدة",P013,10,+966 9200 22077,"https://www.google.com/maps/search/Imam+Turki+Royal+Reserve/@24.686438,46.629563,17z",,,,,
R051,مطعم قصر الضيافة,Qasr Al Diyafa,Riyadh,العليا,Riyadh,restaurant,food,traditional,saudi,no,medium,70-180,120,all,mixed,family,indoor,1.5,4.4,high,4.3,easy,yes,yes,no,evening,all,no,12:00-00:00,recommended,yes,no,yes,yes,yes,yes,yes,24.692,46.678,مطعم سعودي بأجواء قصور تراثية يقدم ولائم كبسة وحنيذ وجريش بتقديم ملكي,"Saudi restaurant with palace ambiance serving kabsa, haneedh and jareesh feasts with royal presentation","مطعم,سعودي,ولائم,كبسة,حنيذ,قصر,تراثي","أجواء قصور,ولائم ملكية,تقديم تراثي",R001,,,"https://www.google.com/maps/search/Qasr+Al+Diyafa/@24.692,46.678,17z",,,,,
R052,كافيه ارتيزانو,Artigiano Cafe,Riyadh,التحلية,Riyadh,cafe,food,coffee_shop,cafe,no,medium,30-70,45,youth,mixed,friends,both,1.5,4.3,high,4.2,easy,yes,limited,outdoor_only,morning,all,no,06:00-02:00,no,yes,no,yes,yes,yes,nearby,yes,24.7351,46.676669,كافيه إيطالي بقهوة إسبريسو أصلية وكرواسون طازج وأجواء أوروبية راقية,"Italian cafe with authentic espresso, fresh croissants and elegant European atmosphere","كافيه,إيطالي,إسبريسو,كرواسون,راقي","إسبريسو إيطالي أصلي,كرواسون طازج,أجواء أوروبية",R029,4796,,"https://www.google.com/maps/search/Artigiano+Cafe/@24.7351,46.676669,17z",,,,,
P101,جزيرة الشراع,Al Shera'a Island,Jeddah,,Makkah,attraction,entertainment,waterfront,,no,medium,50-150,,family,mixed,family,outdoor,4,4.2,high,4.1,easy,yes,yes,no,evening,winter,yes,16:00-00:00,no,yes,yes,yes,yes,yes,yes,no,21.57,39.11,جزيرة ترفيهية على البحر الأحمر مع مطاعم ومقاهي وألعاب أطفال وقوارب ومنطقة شاطئية,"Entertainment island on the Red Sea with restaurants, cafes, kids rides, boats and beach area","جزيرة,ترفيه,عائلات,بحر,مطاعم,أطفال","جزيرة على البحر,مطاعم ومقاهي,ألعاب أطفال",P018,,,"https://www.google.com/maps/search/Al+Sheraa+Island/@21.57,39.11,17z",,,,,
P102,حديقة الأمير ماجد,Prince Majid Park,Jeddah,,Makkah,park,nature,park,,no,free,0,,family,mixed,family,outdoor,2,4.2,high,4.2,easy,yes,yes,no,evening,winter,yes,16:00-00:00|Fri 16:00-02:00,no,yes,yes,yes,no,nearby,nearby,no,21.5906682,39.1818501,حديقة عائلية كبيرة في قلب جدة مع مسطحات خضراء وملاعب أطفال ونوافير ومسارات مشي,"Large family park in central Jeddah with green spaces, playgrounds, fountains and walking paths","حديقة,عائلات,أطفال,نوافير,مشي,مجاني","قلب جدة,ملاعب أطفال,نوافير ملونة",P017,12801,,"https://www.google.com/maps/search/Prince+Majid+Park/@21.5906682,39.1818501,17z",,,,,
R053,مطعم زاوية,Zawya Restaurant,Jeddah,البلد,Makkah,restaurant,food,fine_dining,saudi,no,high,150-400,250,adult,mixed,couple,indoor,2,4.5,high,4.6,easy,yes,valet,no,evening,all,no,18:00-00:00,yes,no,no,yes,yes,yes,yes,no,21.484394,39.18785,مطعم سعودي فاخر في حي البلد التاريخي يقدم أكل حجازي بتقديم عصري داخل مبنى تراثي,Upscale Saudi restaurant in Historic Al-Balad serving Hejazi cuisine with modern presentation in heritage building,"مطعم,حجازي,فاخر,بلد,تراثي,عصري","مبنى تراثي بالبلد,أكل حجازي عصري,أجواء فريدة",P017,121,+966 53 653 6153,"https://www.google.com/maps/search/Zawya+Restaurant/@21.484394,39.18785,17z",,,,,
P103,جسر الملك فهد,King Fahd Causeway,Khobar,,Eastern,attraction,landmark,bridge,,no,low,20,,all,mixed,any,outdoor,1,4.5,very_high,4.6,easy,yes,yes,no,evening,winter,yes,24h,no,yes,no,yes,no,yes,yes,no,26.171585,50.445772,جسر بحري 25 كم يربط السعودية بالبحرين مع جزيرة وسطية فيها مطاعم وإطلالة على الخليج,25km sea bridge connecting Saudi to Bahrain with a midpoint island featuring restaurants and Gulf views,"جسر,بحر,خليج,بحرين,إطلالة,معلم","25 كم فوق البحر,جزيرة وسطية,يربط السعودية بالبحرين",P081,621,,"https://www.google.com/maps/search/King+Fahd+Causeway/@26.171585,50.445772,17z",,,,,
R054,مطعم سمك الشرقية,Sharqia Fish Restaurant,Dammam,,Eastern,restaurant,food,seafood,seafood,no,medium,60-160,100,all,mixed,family,indoor,1.5,4.5,high,4.6,easy,yes,yes,no,evening,all,no,14:00-03:00,no,yes,no,no,yes,yes,yes,yes,26.391137,50.074158,مطعم أسماك طازجة من الخليج العربي، ربيان وحمور وزبيدي مشوي ومقلي بطرق خليجية,"Fresh Arabian Gulf fish restaurant with shrimp, hammour and zubaidi grilled and fried Gulf style","مطعم,سمك,خليجي,طازج,ربيان,حمور","سمك الخليج طازج,ربيان وحمور,طرق خليجية",P035,4681,+966 50 783 1115,"https://www.google.com/maps/search/Sharqia+Fish+Restaurant/@26.391137,50.074158,17z",,,,,
P104,منطقة السبعة مساجد,Seven Mosques Area,Madinah,,Madinah,religious,religious,mosque,,no,free,0,,all,mixed,any,outdoor,1.5,4.8,high,4.8,easy,partial,yes,no,morning,all,yes,24h,no,yes,no,yes,no,nearby,yes,no,24.476696,39.596239,مجموعة مساجد تاريخية مرتبطة بغزوة الخندق في السنة الخامسة الهجرية ومعالم إسلامية بارزة,Group of historic mosques linked to the Battle of the Trench in 5 AH and prominent Islamic landmarks,"ديني,تاريخ,إسلامي,مساجد,خندق,معالم","غزوة الخندق,مساجد تاريخية,معالم إسلامية","P026,P027",13416,,"https://www.google.com/maps/search/Seven+Mosques+Area/@24.476696,39.596239,17z",,,,,
P105,البلدة القديمة العلا,AlUla Old Town,AlUla,,Madinah,attraction,heritage,historic_site,,no,low,25,,all,mixed,any,outdoor,2,4.6,high,4.6,easy,no,yes,no,morning,winter,yes,24h,no,yes,no,yes,no,nearby,nearby,no,26.6250159,37.9153868,متاهة من 900 منزل حجري متراص والأزقة الضيقة المهجورة منذ 1983 مع قلعة تطل من فوق,Maze of 900 tightly packed stone houses and narrow alleys abandoned since 1983 with overlooking castle,"تاريخ,تراث,عمارة,تصوير,علا,مهجورة","900 منزل حجري,مهجورة منذ 1983,قلعة من فوق","P028,P029",5522,+966 9200 25003,"https://www.google.com/maps/search/AlUla+Old+Town/@26.6250159,37.9153868,17z",https://www.experiencealula.com,@experiencealula,,,
P106,قرية الشعب الحجرية,Al-Shab Stone Village,Taif,,Makkah,attraction,heritage,village,,no,free,0,,all,mixed,any,outdoor,2,4.2,medium,4.1,moderate,no,limited,no,morning,all,yes,sunrise-sunset,no,yes,no,yes,no,no,nearby,no,21.15,40.41,قرية حجرية معلقة على جبل بتصميم معماري فريد عمرها مئات السنين وسلالم حجرية ضيقة,Stone village perched on a mountain with unique centuries-old architecture and narrow stone stairs,"تراث,قرية,جبل,معمار,حجر,طائف","معلقة على جبل,عمارة حجرية فريدة,سلالم ضيقة",P023,,,"https://www.google.com/maps/search/Al-Shab+Stone+Village/@21.15,40.41,17z",,,,,
P107,تلفريك الهدا,Al Hada Cable Car,Taif,الهدا,Makkah,attraction,entertainment,cable_car,,no,low,35,,family,mixed,family,outdoor,2,4.3,high,4.3,easy,no,yes,no,morning,summer,yes,"Mon-Thu,Sat-Sun 09:00-19:00|Fri 13:00-19:00",no,yes,no,yes,no,nearby,nearby,no,21.364718,40.267771,تلفريك يوفر إطلالات خلابة على جبال الهدا والوديان العميقة والمدرجات الزراعية,"Cable car offering stunning views of Al Hada mountains, deep valleys and agricultural terraces","تلفريك,إطلالة,جبال,عائلات,هدا,طائف","إطلالة على جبال الهدا,وديان عميقة,مدرجات زراعية",P023,6704,,"https://www.google.com/maps/search/Al+Hada+Cable+Car/@21.364718,40.267771,17z",,,,,
R055,مطعم الجبل الأخضر,Green Mountain Restaurant,Abha,,Asir,restaurant,food,traditional,saudi,no,medium,50-130,80,all,mixed,family,both,1.5,4.3,high,4.2,easy,partial,yes,outdoor_only,evening,summer,no,12:00-01:00,no,yes,no,yes,yes,yes,yes,yes,18.225,42.508,مطعم عسيري على قمة جبل بإطلالة على الغيوم، يقدم مندي ومظبي ولحم مدخن وعريكة,"Asiri mountaintop restaurant overlooking clouds, serving mandi, madbi, smoked meat and areeka","مطعم,عسيري,جبل,إطلالة,غيوم,مندي,مظبي","إطلالة فوق الغيوم,أكل عسيري أصيل,جبل أخضر","P033,P034",,,"https://www.google.com/maps/search/Green+Mountain+Restaurant/@18.225,42.508,17z",,,,,
R056,مطعم لو بريستول,Le Bristol Restaurant,Khobar,,Eastern,restaurant,food,fine_dining,mixed,no,high,150-400,280,adult,mixed,couple,indoor,2,4.5,high,4.4,easy,yes,valet,no,evening,all,no,18:00-00:00,yes,no,no,yes,yes,yes,yes,no,26.285,50.205,مطعم فرنسي فاخر في الخبر بقائمة عالمية وأجواء رومانسية وخدمة 5 نجوم,"Premium French restaurant in Khobar with international menu, romantic ambiance and 5-star service","مطعم,فرنسي,فاخر,رومانسي,خبر,5نجوم","مطبخ فرنسي فاخر,أجواء رومانسية,خدمة 5 نجوم",P081,,,"https://www.google.com/maps/search/Le+Bristol+Restaurant/@26.285,50.205,17z",,,,,
P108,سايتك المدينة العلمية,Scitech Technology Center,Khobar,,Eastern,attraction,culture,museum,,no,low,35,,family,mixed,family,indoor,3,4.3,high,4.3,easy,yes,yes,no,anytime,all,no,"Mon-Thu,Sat-Sun 09:00-12:00,16:00-21:00|Fri 16:00-21:00",no,yes,yes,yes,yes,yes,yes,no,26.319249,50.2279355,مركز علمي تفاعلي للأطفال والعائلات يضم معارض فيزياء وفضاء وروبوتات وقبة فلكية,"Interactive science center for kids and families with physics, space, robotics exhibits and planetarium","علوم,تفاعلي,أطفال,فضاء,روبوت,فلكي","معارض علمية تفاعلية,قبة فلكية,روبوتات",P080,8020,,"https://www.google.com/maps/search/Scitech+Technology+Center/@26.319249,50.2279355,17z",,,,,
P109,قصر المربع ببريدة,Al-Murabba Palace Buraydah,Buraydah,,Qassim,attraction,heritage,palace,,no,free,0,,all,mixed,any,both,1,4.5,medium,4.6,easy,partial,yes,no,morning,winter,no,Mon-Thu 09:00-17:00|Fri-Sat 17:00-20:00|Sun Closed,no,yes,no,yes,no,no,nearby,no,24.646552,46.709169,قصر تاريخي يعكس عمارة القصيم التقليدية بجدرانه الطينية السميكة وأبراجه المميزة,Historic palace reflecting traditional Qassim architecture with thick mud walls and distinctive towers,"قصر,تاريخ,تراث,طيني,قصيم,عمارة","عمارة قصيمية تقليدية,جدران طينية,أبراج مميزة",P046,1564,,"https://www.google.com/maps/search/Al-Murabba+Palace+Buraydah/@24.646552,46.709169,17z",,,,,
R057,مطعم القصيم التراثي,Qassim Heritage Restaurant,Buraydah,,Qassim,restaurant,food,traditional,saudi,no,low,30-80,50,all,mixed,family,indoor,1,4.2,medium,4.2,easy,yes,yes,no,evening,all,no,12:30-02:00,no,yes,no,no,yes,yes,yes,yes,26.407191,43.912505,مطعم قصيمي تقليدي يقدم الجريش والمرقوق والكليجا وخبز التنور بوصفات قصيمية أصيلة,"Traditional Qassimi restaurant serving jareesh, markook, kleicha and tandoor bread with authentic recipes","مطعم,قصيمي,جريش,مرقوق,كليجا,تقليدي","أكل قصيمي أصيل,جريش ومرقوق,كليجا طازجة","P046,P109",2175,+966 50 523 5281,"https://www.google.com/maps/search/Qassim+Heritage+Restaurant/@26.407191,43.912505,17z",,,,,
P110,سوق الباحة الشعبي,Al Baha Traditional Market,Al Baha,,Al Baha,souq,shopping,traditional_market,,no,low,0-200,,all,mixed,any,indoor,2,4.1,medium,4.1,easy,partial,limited,no,morning,all,no,24h,no,yes,no,yes,no,yes,nearby,no,20.033712,41.445827,سوق شعبي يبيع العسل الباحي الأصلي والسمن البلدي والأعشاب الجبلية والمصنوعات اليدوية,"Traditional market selling original Baha honey, local ghee, mountain herbs and handmade crafts","سوق,عسل,شعبي,أعشاب,يدوي,باحة","عسل باحي أصلي,سمن بلدي,أعشاب جبلية","P043,P044",157,,"https://www.google.com/maps/search/Al+Baha+Traditional+Market/@20.033712,41.445827,17z",,,,,
P111,قلعة زعبل,Zaabal Castle,Sakaka,,Al Jouf,attraction,heritage,castle,,no,free,0,,all,mixed,any,outdoor,1,4.5,medium,4.5,moderate,no,yes,no,morning,winter,yes,24h,no,yes,no,yes,no,no,nearby,no,29.992975,40.201986,قلعة حجرية على تل صخري تطل على مدينة سكاكا، بنيت قبل 400 سنة وأعيد ترميمها,"Stone castle on a rocky hill overlooking Sakaka city, built 400 years ago and recently restored","قلعة,تاريخ,حجر,إطلالة,جوف,سكاكا","400 سنة,إطلالة على سكاكا,ترميم حديث",P064,1260,,"https://www.google.com/maps/search/Zaabal+Castle/@29.992975,40.201986,17z",,,,,
R058,مطعم خولاني جازان,Khawlani Jazan,Jazan,,Jazan,restaurant,food,traditional,saudi,no,low,25-70,45,all,mixed,family,indoor,1,4.5,medium,4.8,easy,yes,yes,no,evening,all,no,11:00-00:00,no,yes,no,no,no,yes,yes,yes,16.895738,42.541339,مطعم جازاني تقليدي يقدم المعصوبة والعصيدة والكبدة والفول بقهوة خولانية أصيلة,"Traditional Jazani restaurant serving masooba, aseedah, liver and foul with authentic Khawlani coffee","مطعم,جازاني,معصوبة,عصيدة,قهوة_خولانية","قهوة خولانية أصيلة,أكل جازاني تقليدي,معصوبة",P093,307,+966 53 763 5755,"https://www.google.com/maps/search/Khawlani+Jazan/@16.895738,42.541339,17z",,,,,
R059,مطعم الرصيف,Al Raseef Restaurant,Jeddah,الرويس,Makkah,restaurant,food,seafood,seafood,no,medium,70-180,120,all,mixed,family,both,1.5,4.2,high,4.1,easy,yes,yes,outdoor_only,evening,all,no,10:00-01:00,recommended,yes,no,yes,yes,yes,yes,yes,21.620626,39.19196,مطعم أسماك فاخر بإطلالة بحرية على الرصيف، سمك طازج وربيان وكاليماري مشوي بطريقة متوسطية,"Premium fish restaurant with pier sea view, fresh fish, shrimp and calamari grilled Mediterranean style","مطعم,سمك,بحري,إطلالة,رصيف,متوسطي","إطلالة على الرصيف,سمك طازج يومي,طريقة متوسطية",P018,4610,+966 12 655 6833,"https://www.google.com/maps/search/Al+Raseef+Restaurant/@21.620626,39.19196,17z",,,,,
R060,مطعم بوبايز,Popeyes Restaurant,Riyadh,فروع متعددة,Riyadh,restaurant,food,fast_food,american,yes,low,20-50,30,all,mixed,any,indoor,0.5,4.3,very_high,4.6,easy,yes,yes,no,anytime,all,no,12:00-02:00|Fri 13:00-02:00,no,yes,no,no,yes,yes,yes,yes,24.716338,46.669256,سلسلة دجاج أمريكية مشهورة بالبروستد الحار والبسكويت ووجبات الدجاج المقرمشة,"American chicken chain famous for spicy broasted, biscuits and crispy chicken meals","مطعم,دجاج,حار,بروستد,أمريكي,سريع","بروستد حار مميز,بسكويت أمريكي,دجاج مقرمش",,1264,,"https://www.google.com/maps/search/Popeyes+Restaurant/@24.716338,46.669256,17z",https://www.popeyes.sa,@popeyes_sa,,,
P112,حديقة السلام الرياض,Salam Park Riyadh,Riyadh,,Riyadh,park,nature,park,,no,free,0,,family,mixed,family,outdoor,3,4.4,high,4.4,easy,yes,yes,no,evening,winter,yes,Mon-Fri 15:00-23:00 | Sat-Sun 14:00-23:30,no,yes,yes,yes,no,nearby,nearby,no,24.6200404,46.7094679,حديقة واسعة بجانب وادي حنيفة مع بحيرة وقوارب ومسارات مشي وركض ومناطق ألعاب أطفال,"Large park beside Wadi Hanifah with lake, boats, walking/jogging paths and kids play areas","حديقة,بحيرة,قوارب,مشي,عائلات,مجاني","بحيرة وقوارب,مسارات مشي وركض,مجاني",P006,11624,,"https://www.google.com/maps/search/Salam+Park+Riyadh/@24.6200404,46.7094679,17z",,,,,
P113,صحراء النفود الكبير,Great Nafud Desert,Hail,,Hail,attraction,adventure,desert,,no,low,0-200,,youth,mixed,friends,outdoor,6,4.4,medium,4.4,challenging,no,no,no,afternoon,winter,yes,24h,no,no,no,yes,no,no,no,no,28.933542,41.919647,ثاني أكبر صحراء رملية بالمملكة برمال حمراء فريدة وكثبان ضخمة مثالية للتطعيس والتخييم,Second largest sand desert in the Kingdom with unique red sands and massive dunes perfect for bashing and camping,"صحراء,رمال_حمراء,تطعيس,تخييم,مغامرة,حائل","رمال حمراء فريدة,كثبان ضخمة,تطعيس وتخييم",P045,1924,,"https://www.google.com/maps/search/Great+Nafud+Desert/@28.933542,41.919647,17z",,,,,
P114,قصر المذهن,Al Madhan Palace,Arar,,Northern Borders,attraction,heritage,palace,,no,free,0,,all,mixed,any,outdoor,1,4.1,low,4.1,easy,partial,yes,no,morning,winter,yes,08:00-16:00,no,yes,no,yes,no,no,nearby,no,31.388063,37.622016,قصر تاريخي في عرعر من الحجر البازلتي الأسود يعكس عمارة المنطقة الشمالية التقليدية,Historic palace in Arar built from black basalt stone reflecting traditional Northern Border architecture,"قصر,تاريخ,بازلت,عمارة,حدود_شمالية,عرعر","حجر بازلتي أسود,عمارة شمالية فريدة,ترميم حديث",P065,14,,"https://www.google.com/maps/search/Al+Madhan+Palace/@31.388063,37.622016,17z",,,,,
R061,مطعم فلافل الشام,Falafel Al Sham,Riyadh,البطحاء,Riyadh,restaurant,food,fast_food,lebanese,no,low,25-May,15,all,mixed,any,indoor,0.5,4,high,3.8,easy,yes,limited,no,anytime,all,no,04:00-03:30,no,yes,no,no,no,yes,nearby,yes,24.75393,46.720674,مطعم فلافل وحمص شامي أصيل بأسعار رخيصة جدا تبدأ من 5 ريال مع عيش طازج,Authentic Levantine falafel and hummus at very cheap prices starting from 5 SAR with fresh bread,"مطعم,فلافل,حمص,شامي,رخيص,فطور","أرخص فلافل بالرياض,حمص طازج,عيش ساخن",R049,4348,+966 9200 13248,"https://www.google.com/maps/search/Falafel+Al+Sham/@24.75393,46.720674,17z",,,,,
R062,مطعم تكا,Taka Restaurant,Riyadh,السليمانية,Riyadh,restaurant,food,fine_dining,japanese,no,high,200-600,400,adult,mixed,couple,indoor,2,4.7,high,4.6,easy,yes,valet,no,evening,all,no,18:00-00:00,yes,no,no,yes,yes,yes,yes,no,24.691,46.681,مطعم ياباني أومكاسي فاخر بطاولة شيف واحدة تقدم 18 طبق متتالي بمكونات مستوردة يوميا من اليابان,Premium Japanese omakase with single chef's table serving 18-course meal with daily imported Japanese ingredients,"مطعم,ياباني,أومكاسي,فاخر,شيف,طاولة","تجربة أومكاسي,18 طبق متتالي,مكونات من اليابان",R033,,,"https://www.google.com/maps/search/Taka+Restaurant/@24.691,46.681,17z",,,,,
R063,كافيه ايلاف,Elaf Cafe,Riyadh,النخيل,Riyadh,cafe,food,coffee_shop,cafe,no,medium,25-60,40,youth,mixed,friends,indoor,1.5,4.3,high,4.2,easy,yes,yes,no,morning,all,no,06:30-00:00,no,yes,no,yes,yes,yes,nearby,yes,24.755,46.645,كافيه سعودي بتصميم مينمالست وقهوة محمصة محليا من حبوب إثيوبية وكولومبية مع فطور صحي,"Saudi cafe with minimalist design, locally roasted Ethiopian and Colombian beans with healthy breakfast","كافيه,قهوة,محمصة,مينمالست,فطور,صحي","حبوب إثيوبية وكولومبية,تصميم مينمالست,فطور صحي",R029,,,"https://www.google.com/maps/search/Elaf+Cafe/@24.755,46.645,17z",,,,,
P115,متحف عبدالرؤوف خليل,Abdul Raouf Khalil Museum,Jeddah,,Makkah,attraction,culture,museum,,no,low,25,,all,mixed,any,both,2,4.5,medium,4.5,easy,partial,yes,no,morning,all,no,"Mon-Thu,Sat-Sun 09:00-13:00,17:00-21:00|Fri Closed",no,yes,no,yes,no,no,nearby,no,21.580993,39.176666,متحف خاص يضم مجموعة نادرة من القطع الأثرية والتراثية الإسلامية والعثمانية والأوروبية,"Private museum with rare collection of Islamic, Ottoman and European archaeological and heritage pieces","متحف,تاريخ,آثار,إسلامي,عثماني,أوروبي","قطع نادرة,تاريخ إسلامي وعثماني,مجموعة أوروبية",P070,2446,+966 56 386 6984,"https://www.google.com/maps/search/Abdul+Raouf+Khalil+Museum/@21.580993,39.176666,17z",,,,,
R064,مطعم جاد,GAD Restaurant,Jeddah,فروع متعددة,Makkah,restaurant,food,middle_eastern,egyptian,yes,low,15-50,30,all,mixed,family,indoor,1,4.1,high,4,easy,yes,yes,no,anytime,all,no,06:30-01:00,no,yes,no,no,yes,yes,yes,yes,21.6070484,39.12345,سلسلة مصرية مشهورة بالكشري والفول والطعمية والفطير المشلتت بأسعار شعبية,"Famous Egyptian chain known for koshary, foul, taamia and feteer meshaltet at popular prices","مطعم,مصري,كشري,فول,فطير,شعبي","كشري مصري أصلي,فطير مشلتت,أسعار شعبية",,5758,+966 12 236 7726,"https://www.google.com/maps/search/GAD+Restaurant/@21.6070484,39.12345,17z",,,,,
R065,كافيه % أرابيكا,% Arabica Cafe,Jeddah,البلد,Makkah,cafe,food,coffee_shop,cafe,yes,medium,25-55,35,youth,mixed,friends,both,1,4.4,very_high,4.5,easy,yes,limited,no,morning,all,no,14:00-04:00|Fri 14:00-00:00,no,yes,no,yes,yes,yes,nearby,yes,21.437331,39.288486,سلسلة كافيهات يابانية عالمية فرعها في قلب البلد التاريخي بقهوة مختصة وتصميم مينمالست,"Global Japanese coffee chain with branch in Historic Al-Balad, specialty coffee and minimalist design","كافيه,قهوة,ياباني,مختصة,بلد,مينمالست","في قلب البلد التاريخي,علامة يابانية عالمية,قهوة مختصة",P017,92,+966 54 346 3040,"https://www.google.com/maps/search/%+Arabica+Cafe/@21.437331,39.288486,17z",,,,,
P116,جزيرة تاروت,Tarut Island,Qatif,تاروت,Eastern,attraction,heritage,island,,no,free,0,,all,mixed,any,outdoor,3,4.4,medium,4.4,easy,partial,yes,no,morning,winter,yes,Mon-Sat 09:00-17:00|Sun Closed,no,yes,no,yes,no,nearby,nearby,no,26.5692499,50.0659991,جزيرة تاريخية عمرها 5000 سنة من أقدم المستوطنات البشرية، فيها قلعة برتغالية وبيوت تراثية,"5000-year-old historic island, one of oldest human settlements, with Portuguese castle and heritage houses","جزيرة,تاريخ,أثري,قلعة,5000سنة,قطيف","5000 سنة تاريخ,قلعة برتغالية,من أقدم المستوطنات",P035,1537,+966 57 840 7702,"https://www.google.com/maps/search/Tarut+Island/@26.5692499,50.0659991,17z",,,,,
R066,مطعم أسماك العائلات,Family Fish Restaurant,Khobar,الراكة,Eastern,restaurant,food,seafood,seafood,no,medium,50-140,90,all,mixed,family,indoor,1.5,4.4,high,4.5,easy,yes,yes,no,evening,all,no,17:00-03:30,no,yes,no,no,yes,yes,yes,yes,26.250915,50.215153,مطعم سمك عائلي بالخبر يقدم ربيان وحمور وسبيطي من الخليج مقلي ومشوي بأسعار معقولة,"Family fish restaurant in Khobar serving Gulf shrimp, hammour and sbaiti fried and grilled at reasonable prices","مطعم,سمك,عائلي,خبر,خليجي,معقول","سمك خليجي طازج,أسعار عائلية,ربيان وحمور",P081,3001,+966 53 241 1888,"https://www.google.com/maps/search/Family+Fish+Restaurant/@26.250915,50.215153,17z",,,,,
P117,حرة خيبر البركانية,Khaybar Volcanic Field,Madinah,خيبر,Madinah,attraction,nature,geological,,no,free,0,,youth,mixed,friends,outdoor,5,4.2,low,4.1,challenging,no,limited,no,morning,winter,yes,24h,no,no,no,yes,no,no,no,no,25,39.916667,حقل بركاني ضخم بفوهات بركانية خامدة وحمم متجمدة وصخور سوداء تمتد لمئات الكيلومترات,"Massive volcanic field with dormant craters, solidified lava and black rocks extending hundreds of kilometers","طبيعة,بركان,حمم,صخور,جيولوجي,خيبر","فوهات بركانية خامدة,حمم متجمدة,صخور سوداء",,53,,"https://www.google.com/maps/search/Khaybar+Volcanic+Field/@25.0,39.916667,17z",,,,,
R067,مطعم سهيل العلا,Suhail AlUla Restaurant,AlUla,,Madinah,restaurant,food,traditional,saudi,no,medium,60-150,100,all,mixed,family,outdoor,1.5,4.2,high,3.6,easy,partial,yes,no,evening,winter,yes,17:00-00:00,recommended,yes,no,yes,yes,yes,nearby,no,26.627125,37.913268,مطعم في العلا يقدم أكل سعودي تحت النجوم بين الصخور مع مندي ومطازيز وقهوة بدوية,"AlUla restaurant serving Saudi food under the stars among rocks with mandi, mataziz and Bedouin coffee","مطعم,سعودي,علا,نجوم,صخور,بدوي","عشاء تحت النجوم,بين صخور العلا,أكل بدوي","P028,P029",163,+966 9200 02690,"https://www.google.com/maps/search/Suhail+AlUla+Restaurant/@26.627125,37.913268,17z",,,,,
P118,قرية الحبالة المعلقة,Al-Habala Hanging Village,Abha,,Asir,attraction,heritage,village,,no,low,30,,youth,mixed,friends,outdoor,3,4.3,high,3.9,moderate,no,yes,no,morning,summer,yes,08:00-18:00,no,no,no,yes,no,nearby,nearby,no,18.0388683,42.872993,قرية تراثية معلقة على حافة جرف صخري عمودي بارتفاع 300 متر، يوصلها تلفريك ساحر,"Heritage village hanging on the edge of a 300m vertical cliff, accessed by a stunning cable car","قرية,معلقة,جرف,تلفريك,تراث,مغامرة","معلقة على جرف 300 متر,تلفريك ساحر,قرية تراثية",P033,1353,+966 52 608 7452,"https://www.google.com/maps/search/Al-Habala+Hanging+Village/@18.0388683,42.872993,17z",,,,,
P119,مغاير شعيب,Caves of Shuaib,Tabuk,البدع,Tabuk,attraction,heritage,archaeological,,no,free,0,,all,mixed,any,outdoor,2,4.5,medium,4.5,easy,no,yes,no,morning,winter,yes,Mon-Thu 10:00-18:00|Fri 15:00-17:00|Sat 16:00-18:00,no,yes,no,yes,no,no,nearby,no,28.4878841,35.0033068,مقابر نبطية ضخمة منحوتة في الصخر تشبه مدائن صالح، مرتبطة بقصة النبي شعيب عليه السلام,"Massive Nabataean rock-cut tombs similar to Hegra, linked to the story of Prophet Shuaib","آثار,نبطي,منحوت,صخر,شعيب,تبوك","مقابر نبطية ضخمة,تشبه مدائن صالح,قصة النبي شعيب",P055,192,,"https://www.google.com/maps/search/Caves+of+Shuaib/@28.4878841,35.0033068,17z",,,,,
P120,جزيرة أحبار,Ahbar Island,Jazan,,Jazan,attraction,nature,island,,no,low,50-100,,all,mixed,family,outdoor,5,4,medium,3.7,easy,no,yes,no,morning,winter,yes,06:00-17:00,recommended,yes,no,yes,no,no,no,no,16.88532,42.417029,جزيرة صغيرة بمياه فيروزية وشواطئ بيضاء وأشجار مانغروف كثيفة ومناسبة للسنوركل,"Small island with turquoise water, white beaches, dense mangroves and great for snorkeling","جزيرة,فيروزي,شاطئ,مانغروف,سنوركل,جازان","مياه فيروزية,مانغروف كثيفة,سنوركل ممتاز",P040,88,+966 55 363 3654,"https://www.google.com/maps/search/Ahbar+Island/@16.88532,42.417029,17z",,,,,
P121,سد وادي ثراد,Wadi Thrad Dam,Al Baha,,Al Baha,attraction,nature,lake,,no,free,0,,family,mixed,family,outdoor,2,4.1,medium,4,easy,partial,yes,no,afternoon,summer,yes,24h,no,yes,no,yes,no,no,nearby,no,20.02,41.45,سد وبحيرة بين الجبال الخضراء في الباحة محاطة بأشجار العرعر والورد البري ومناطق تنزه,"Dam and lake between green mountains in Al Baha surrounded by juniper trees, wild roses and picnic areas","سد,بحيرة,جبال,عرعر,ورد,نزهة,باحة","بحيرة بين الجبال,أشجار عرعر,ورد بري",P043,,,"https://www.google.com/maps/search/Wadi+Thrad+Dam/@20.02,41.45,17z",,,,,
P122,قرية غران التراثية,Ghran Heritage Village,Najran,,Najran,attraction,heritage,village,,no,free,0,,all,mixed,any,outdoor,1.5,4.4,low,4.4,easy,no,yes,no,morning,winter,yes,08:00-17:00,no,yes,no,yes,no,no,nearby,no,17.537447,44.231105,قرية تراثية نجرانية بقصور طينية ضخمة متعددة الطوابق وأبراج دائرية تعكس العمارة النجرانية,Najrani heritage village with massive multi-story mud palaces and circular towers reflecting Najrani architecture,"قرية,تراث,نجراني,طين,أبراج,عمارة","قصور طينية متعددة الطوابق,أبراج دائرية,عمارة نجرانية","P060,P041",35,,"https://www.google.com/maps/search/Ghran+Heritage+Village/@17.537447,44.231105,17z",,,,,
R068,مطعم P.F. تشانغز,P.F. Changs,Riyadh,,Riyadh,restaurant,food,asian,chinese,yes,medium,80-200,140,all,mixed,family,indoor,1.5,4.5,very_high,4.5,easy,yes,yes,no,evening,all,no,11:00-01:00|Thu 11:00-02:00|Fri 13:00-02:00,recommended,yes,no,no,yes,yes,yes,yes,24.755442,46.629806,سلسلة مطاعم صينية أمريكية فاخرة بأطباق آسيوية متنوعة من نودلز ودمبلنغ وأرز مقلي,"Premium American-Chinese chain with diverse Asian dishes including noodles, dumplings and fried rice","مطعم,صيني,آسيوي,نودلز,دمبلنغ,فاخر","أطباق آسيوية متنوعة,نودلز ودمبلنغ,أجواء أنيقة",P066,4622,+966 11 511 5512,"https://www.google.com/maps/search/P.F.+Changs/@24.755442,46.629806,17z",https://www.pfchangs.com.sa,@pfchangsme,,,
R069,مطعم تركي أوزو,Turkish Uzu Restaurant,Riyadh,العليا,Riyadh,restaurant,food,middle_eastern,turkish,no,medium,60-160,110,all,mixed,family,indoor,1.5,4.2,high,4,easy,yes,yes,outdoor_only,evening,all,no,12:00-04:00,no,yes,no,no,yes,yes,yes,yes,24.7091001,46.6898467,مطعم تركي أصيل بكباب وإسكندر ولحم بالفرن وبقلاوة تركية وشاي على الفحم,"Authentic Turkish restaurant with kebab, iskender, oven lamb, Turkish baklava and charcoal tea","مطعم,تركي,كباب,إسكندر,بقلاوة,شاي","كباب تركي أصيل,بقلاوة طازجة,شاي على الفحم",,5949,+966 54 209 2931,"https://www.google.com/maps/search/Turkish+Uzu+Restaurant/@24.7091001,46.6898467,17z",,,,,
R070,مطعم ليمونة,Lemonah Restaurant,Jeddah,الحمراء,Makkah,restaurant,food,middle_eastern,lebanese,local_chain,medium,50-130,85,all,mixed,family,indoor,1.5,4.4,high,4.4,easy,yes,yes,outdoor_only,evening,all,no,13:00-02:00|Fri 18:00-02:00,no,yes,no,no,yes,yes,yes,yes,21.5983748,39.1245001,سلسلة مطاعم لبنانية جداوية مشهورة بالمشاوي والمزة والفتوش والتبولة وعصير الليمون الطازج,"Jeddah-based Lebanese chain famous for grills, meze, fattoush, tabbouleh and fresh lemonade","مطعم,لبناني,مشاوي,مزة,فتوش,جداوي","مشاوي لبنانية,مزة متنوعة,عصير ليمون طازج",R030,401,+966 55 669 8311,"https://www.google.com/maps/search/Lemonah+Restaurant/@21.5983748,39.1245001,17z",,@bait_allaymoun,,,
P123,سباق الهجن بالطائف,Taif Camel Racing,Taif,,Makkah,attraction,culture,sport,,no,free,0,,all,mixed,any,outdoor,3,4.3,medium,4.3,easy,partial,yes,no,morning,summer,yes,06:00-10:00,no,yes,no,yes,no,nearby,nearby,no,21.57777,40.706698,ميدان سباق هجن تقليدي في الطائف يقام في المواسم مع أجواء بدوية أصيلة وفخر بالإبل,Traditional camel racing track in Taif held seasonally with authentic Bedouin atmosphere and camel pride,"هجن,سباق,بدوي,تقليدي,إبل,طائف","سباق هجن تقليدي,أجواء بدوية,موسمي",P023,397,,"https://www.google.com/maps/search/Taif+Camel+Racing/@21.57777,40.706698,17z",,,,,
P124,مزرعة اللؤلؤ بالقطيف,Qatif Pearl Farm,Qatif,,Eastern,attraction,culture,farm,,no,low,30,,all,mixed,family,both,2,4.5,medium,4.6,easy,partial,yes,no,morning,all,no,15:00-21:30,recommended,yes,no,yes,no,no,nearby,no,26.543114,49.956382,مزرعة لؤلؤ تعليمية في القطيف تعرض تاريخ الغوص على اللؤلؤ في الخليج وتجربة استخراج لؤلؤة,Educational pearl farm in Qatif showcasing Gulf pearl diving history with pearl extraction experience,"لؤلؤ,غوص,تاريخ,خليج,قطيف,تعليمي","تاريخ الغوص على اللؤلؤ,تجربة استخراج لؤلؤة,تعليمي",P116,228,+966 56 085 7026,"https://www.google.com/maps/search/Qatif+Pearl+Farm/@26.543114,49.956382,17z",,,,,
R071,مطعم ميسو,Miso Restaurant,Riyadh,حي الملقا,Riyadh,restaurant,food,asian,korean,no,medium,70-180,120,youth,mixed,friends,indoor,1.5,4.4,high,4.4,easy,yes,yes,no,evening,all,no,13:00-00:00|Thu 13:00-01:00,recommended,yes,no,yes,yes,yes,yes,yes,24.824673,46.658185,مطعم كوري أصيل بالرياض يقدم كورين بي بي كيو وبيبمباب وتوكبوكي ورامن كوري,"Authentic Korean restaurant in Riyadh serving Korean BBQ, bibimbap, tteokbokki and Korean ramen","مطعم,كوري,بي_بي_كيو,بيبمباب,رامن,آسيوي","كورين بي بي كيو,بيبمباب أصلي,رامن كوري",,2101,+966 50 251 0941,"https://www.google.com/maps/search/Miso+Restaurant/@24.824673,46.658185,17z",,,,,
R072,مطعم لا بتيت ميزون,La Petite Maison,Riyadh,العليا,Riyadh,restaurant,food,fine_dining,french,yes,luxury,300-700,500,adult,mixed,couple,indoor,2,4.5,high,4.2,easy,yes,valet,no,evening,all,no,"17:45-20:00,21:30-01:30",yes,no,no,yes,yes,yes,yes,no,24.6907541,46.6841285,مطعم فرنسي عالمي من نيس يقدم المطبخ الفرنسي المتوسطي بمكونات طازجة وتقديم فني,World-class French restaurant from Nice serving Mediterranean French cuisine with fresh ingredients and artistic presentation,"مطعم,فرنسي,فاخر,متوسطي,عالمي,نيس","من نيس فرنسا,مطبخ فرنسي متوسطي,تقديم فني",R022,4191,+966 9200 11794,"https://www.google.com/maps/search/La+Petite+Maison/@24.6907541,46.6841285,17z",https://www.lpmlondon.com,@lpmlondon,,,
P125,منتزه الأمير محمد بن فهد,Prince Mohammed bin Fahd Park,Dammam,,Eastern,park,nature,park,,no,free,0,,family,mixed,family,outdoor,3,4.3,high,4.3,easy,yes,yes,no,evening,winter,yes,15:00-23:00,no,yes,yes,yes,no,yes,yes,no,26.3925263,50.1239147,أكبر حديقة في الدمام بمساحة 50 هكتار مع بحيرة ونوافير وملاعب أطفال ومسارات وقطار مصغر,"Largest park in Dammam at 50 hectares with lake, fountains, playgrounds, trails and mini train","حديقة,عائلات,بحيرة,نوافير,قطار,مجاني","50 هكتار,بحيرة ونوافير,قطار مصغر",P035,6777,+966 55 506 4172,"https://www.google.com/maps/search/Prince+Mohammed+bin+Fahd+Park/@26.3925263,50.1239147,17z",,,,,
R073,مطعم الوطنية للكبسة,Al Wataniah Kabsa,Dammam,,Eastern,restaurant,food,traditional,saudi,local_chain,low,25-70,45,all,mixed,family,indoor,1,4,high,3.9,easy,yes,yes,no,evening,all,no,11:00-01:00,no,yes,no,no,yes,yes,yes,yes,26.416614,50.051439,سلسلة مطاعم سعودية في الشرقية مشهورة بالكبسة الشرقاوية والمجبوس والمكبوس بنكهة خليجية,"Saudi chain in Eastern Province famous for Sharqawi kabsa, majboos and makbous with Gulf flavor","مطعم,سعودي,كبسة,شرقاوي,مجبوس,خليجي","كبسة شرقاوية,مجبوس خليجي,نكهة مميزة",P035,3534,+966 13 818 8595,"https://www.google.com/maps/search/Al+Wataniah+Kabsa/@26.416614,50.051439,17z",,,,,
P126,مول العرب جدة,Mall of Arabia Jeddah,Jeddah,,Makkah,mall,shopping,mall,,no,medium,0-500,,all,mixed,family,indoor,3,4.4,very_high,4.4,easy,yes,yes,no,anytime,all,no,10:00-23:30 | Fri 14:00-23:30,no,yes,yes,no,yes,yes,yes,no,21.632517,39.156161,من أضخم مولات جدة يضم 350+ محل ومنطقة ترفيه كبيرة للأطفال وسينما ومطاعم متنوعة,"One of Jeddah's largest malls with 350+ shops, large kids entertainment zone, cinema and diverse restaurants","مول,تسوق,مطاعم,سينما,عائلات,أطفال","350+ محل,منطقة ترفيه أطفال,سينما ومطاعم",P067,57951,+966 9200 00262,"https://www.google.com/maps/search/Mall+of+Arabia+Jeddah/@21.632517,39.156161,17z",,,,,
P127,ممشى الخبر,Khobar Walkway,Khobar,,Eastern,attraction,nature,waterfront,,no,free,0,,all,mixed,any,outdoor,2,4.5,high,4.6,easy,yes,yes,no,evening,winter,yes,24h,no,yes,yes,yes,no,yes,nearby,no,26.286349,50.221238,ممشى بحري حديث في الخبر مع مسارات مشي وركض وكراسي استرخاء ومقاهي ومنطقة ألعاب أطفال,"Modern seaside walkway in Khobar with walking and jogging paths, lounge chairs, cafes and kids play area","ممشى,بحر,مشي,خبر,مقاهي,مجاني","ممشى بحري حديث,مسارات مشي وركض,مقاهي على البحر",P081,35675,+966 13 804 6000,"https://www.google.com/maps/search/Khobar+Walkway/@26.286349,50.221238,17z",,,,,
P128,برج الساعة (أبراج البيت),Makkah Clock Royal Tower (Abraj Al-Bait),Makkah,حي العزيزية,Makkah,attraction,landmark,tower,,,medium,0-50,,,,,indoor,2,4.6,,,,,,,evening,,no,,,yes,no,,,,,,,,مجمع برجي ضخم يطل مباشرة على الحرم المكي، يضم أعلى ساعة في العالم وفنادق فاخرة ومتاجر ومسجد ومتحف برج الساعة,,"معلم,برج,اطلاله,تسوق,حرم,صور","إطلالة على الحرم,أعلى ساعة في العالم,متحف برج الساعة",,,,,,,,,
P129,مكة مول,Makkah Mall,Makkah,حي العوالي,Makkah,mall,shopping,shopping_mall,,,medium,0-1000,,,,,indoor,3,4.4,,,,,,,evening,,no,,,yes,yes,,,,,,,,أكبر مول تجاري في مكة المكرمة، يضم ماركات عالمية ومحلية ومنطقة ألعاب للأطفال ومطاعم متنوعة,,"تسوق,عائلات,اطفال,مطاعم,ترفيه","ماركات عالمية,منطقة ألعاب أطفال,فود كورت",,,,,,,,,
P130,العزيزية مول,Al Aziziyah Mall,Makkah,حي العزيزية,Makkah,mall,shopping,shopping_mall,,,medium,0-800,,,,,indoor,2,4.3,,,,,,,evening,,no,,,yes,yes,,,,,,,,مول شعبي بأسعار مناسبة في حي العزيزية، يضم مطاعم وكافيهات ومحلات متنوعة قريب من الحرم,,"تسوق,عائلات,اقتصادي,شعبي","أسعار مناسبة,قريب من الحرم,تنوع المحلات",,,,,,,,,
P131,سوق الزل,Al-Zal Souq,Makkah,وسط مكة,Makkah,mall,shopping,souq,,,low,0-200,,,,,indoor,2,4.2,,,,,,,evening,,no,,,yes,,,,,,,,,سوق شعبي تراثي في قلب مكة، مشهور بالعطور والبخور والسبح والهدايا التذكارية والملابس التقليدية,,"تسوق,سوق,تراث,شعبي,هدايا,عطور","بخور وعطور,سبح وتسابيح,ذكريات الحج والعمرة",,,,,,,,,
P132,مطعم البيك مكة,Al Baik Makkah,Makkah,حي العزيزية,Makkah,restaurant,food,fast_food,saudi,yes,low,20-50,30,,,,indoor,1,4.5,,,,,,,anytime,,no,,,yes,,,,,,,,,سلسلة مطاعم سعودية مشهورة بالدجاج المقلي بوصفة سرية، الوجبة الشعبية المفضلة للحجاج والمعتمرين,,"مطعم,سعودي,شعبي,سريع,اقتصادي,دجاج","الدجاج المقلي الشهير,صلصة الثوم الأصلية,خدمة سريعة",,,,,,,,,
P133,مطعم النفيسة,Al Nafisah Restaurant,Makkah,حي العزيزية,Makkah,restaurant,food,traditional,saudi,,medium,50-150,80,,,,indoor,1.5,4.3,,,,,,,anytime,,no,,,yes,,,,,,,,,مطعم مكاوي تقليدي مشهور بالأكلات الحجازية الأصيلة كالمندي والمظبي والكبسة الحجازية والحنيني,,"مطعم,سعودي,تقليدي,حجازي,مندي,شعبي","مندي حجازي أصيل,أجواء تراثية,أكل بيتي",,,,,,,,,
P134,غار حراء,Cave of Hira,Makkah,جبل النور,Makkah,religious,historic,sacred_site,,,low,,,,,,outdoor,3,4.7,,,difficult,,,,morning,,yes,,,partial,,,,,,,,,الغار الذي نزل فيه الوحي على النبي محمد ﷺ في جبل النور شمال مكة، يحتاج تسلق جبل لمدة ساعة، تجربة روحانية تاريخية,,"ديني,تاريخ,اسلامي,مغامره,جبل,تسلق","مكان نزول الوحي,إطلالة على مكة,تجربة روحانية",,,,,,,,,
P135,غار ثور,Cave of Thawr,Makkah,جبل ثور,Makkah,religious,historic,sacred_site,,,low,,,,,,outdoor,3,4.6,,,difficult,,,,morning,,yes,,,partial,,,,,,,,,الغار الذي اختبأ فيه النبي محمد ﷺ وأبو بكر الصديق أثناء الهجرة، جنوب مكة، يتطلب تسلق جبل ثور,,"ديني,تاريخ,اسلامي,هجره,جبل,تسلق","مكان الهجرة النبوية,قصة الغمامة,تسلق روحاني",,,,,,,,,
P136,متحف مكة المكرمة,Makkah Museum,Makkah,الزاهر,Makkah,attraction,cultural,museum,,,low,0-30,,,,,indoor,2,4.2,,,,,,,morning,,no,,,yes,,,,,,,,,متحف يعرض تاريخ مكة الإسلامي وقطعاً أثرية من الكعبة المشرفة عبر العصور وصور تاريخية لعمارة الحرم,,"متحف,ثقافه,تاريخ,اسلامي,تراث","قطع من الكعبة المشرفة,تاريخ عمارة الحرم,معروضات إسلامية",,,,,,,,,
P137,جبل الرحمة,Mount Arafat (Jabal al-Rahma),Makkah,عرفات,Makkah,religious,historic,sacred_site,,,low,,,,,,outdoor,2,4.8,,,,,,,morning,,yes,,,yes,,,,,,,,,الجبل الذي وقف عليه النبي محمد ﷺ في حجة الوداع وألقى خطبته الشهيرة، يقع في صعيد عرفات شرق مكة,,"ديني,تاريخ,اسلامي,حج,جبل","موقع خطبة الوداع,أهم شعائر الحج,جبل تاريخي",,,,,,,,,
